Record Length,2500,Points,-2.5000002E-3,-2.79999995,
Sample Interval,2.0000000E-6,s,-2.4980002E-3,-2.79999995,
Trigger Point,1.2500002E3,Samples,-2.4960001E-3,-3.20000005,
,,,-2.4940001E-3,-3.20000005,
,,,-2.4920001E-3,-3.60000014,
,,,-2.4900001E-3,-3.60000014,
Source,CH1,,-2.4880001E-3,-3.60000014,
Vertical Units,Volts,,-2.4860001E-3,-4.00000000,
Vertical Scale,10.0000001,,-2.4840003E-3,-4.40000010,
Vertical Offset,0,,-2.4820003E-3,-4.40000010,
Horizontal Units,s,,-2.4800003E-3,-4.80000019,
Horizontal Scale,499.999998738E-6,,-2.4780002E-3,-4.80000019,
Pt Fmt,Y,,-2.4760002E-3,-4.80000019,
Yzero,0.0,,-2.4740002E-3,-5.20000029,
Probe Atten,10.0000000,,-2.4720002E-3,-5.59999990,
,,,-2.4700002E-3,-5.59999990,
Note,TBS 1102B - 11:15:14 AM   3/30/2026,,-2.4680002E-3,-6.00000000,
,,,-2.4660002E-3,-6.00000000,
,,,-2.4640001E-3,-6.00000000,
,,,-2.4620001E-3,-6.40000010,
,,,-2.4600001E-3,-6.40000010,
,,,-2.4580001E-3,-6.80000019,
,,,-2.4560001E-3,-6.80000019,
,,,-2.4540003E-3,-7.20000029,
,,,-2.4520003E-3,-7.20000029,
,,,-2.4500003E-3,-7.599999905,
,,,-2.4480002E-3,-7.599999905,
,,,-2.4460002E-3,-8.000000000,
,,,-2.4440002E-3,-8.000000000,
,,,-2.4420002E-3,-8.400000572,
,,,-2.4400002E-3,-8.800000191,
,,,-2.4380002E-3,-8.800000191,
,,,-2.4360002E-3,-9.199999809,
,,,-2.4340001E-3,-9.199999809,
,,,-2.4320001E-3,-9.199999809,
,,,-2.4300001E-3,-9.600000381,
,,,-2.4280001E-3,-9.600000381,
,,,-2.4260001E-3,-10.0000000,
,,,-2.4240001E-3,-10.0000000,
,,,-2.4220003E-3,-10.0000000,
,,,-2.4200003E-3,-10.0000000,
,,,-2.4180003E-3,-10.4000006,
,,,-2.4160002E-3,-10.8000002,
,,,-2.4140002E-3,-10.8000002,
,,,-2.4120002E-3,-10.8000002,
,,,-2.4100002E-3,-10.8000002,
,,,-2.4080002E-3,-11.1999998,
,,,-2.4060002E-3,-11.1999998,
,,,-2.4040001E-3,-11.6000004,
,,,-2.4020001E-3,-11.6000004,
,,,-2.4000001E-3,-11.6000004,
,,,-2.3980001E-3,-12.0000000,
,,,-2.3960001E-3,-12.0000000,
,,,-2.3940001E-3,-12.0000000,
,,,-2.3920003E-3,-12.4000006,
,,,-2.3900003E-3,-12.4000006,
,,,-2.3880003E-3,-12.8000002,
,,,-2.3860002E-3,-12.8000002,
,,,-2.3840002E-3,-12.8000002,
,,,-2.3820002E-3,-12.8000002,
,,,-2.3800002E-3,-12.8000002,
,,,-2.3780002E-3,-13.1999998,
,,,-2.3760002E-3,-13.6000004,
,,,-2.3740001E-3,-13.6000004,
,,,-2.3720001E-3,-13.6000004,
,,,-2.3700001E-3,-13.6000004,
,,,-2.3680001E-3,-13.6000004,
,,,-2.3660001E-3,-14.0000000,
,,,-2.3640001E-3,-14.0000000,
,,,-2.3620003E-3,-14.0000000,
,,,-2.3600003E-3,-14.0000000,
,,,-2.3580003E-3,-14.4000006,
,,,-2.3560002E-3,-14.4000006,
,,,-2.3540002E-3,-14.4000006,
,,,-2.3520002E-3,-14.4000006,
,,,-2.3500002E-3,-14.4000006,
,,,-2.3480002E-3,-14.8000002,
,,,-2.3460002E-3,-14.8000002,
,,,-2.3440002E-3,-15.1999998,
,,,-2.3420001E-3,-14.8000002,
,,,-2.3400001E-3,-14.8000002,
,,,-2.3380001E-3,-15.1999998,
,,,-2.3360001E-3,-15.1999998,
,,,-2.3340001E-3,-15.6000004,
,,,-2.3320001E-3,-15.6000004,
,,,-2.3300003E-3,-15.6000004,
,,,-2.3280003E-3,-15.6000004,
,,,-2.3260002E-3,-16.0000000,
,,,-2.3240002E-3,-15.6000004,
,,,-2.3220002E-3,-16.0000000,
,,,-2.3200002E-3,-15.6000004,
,,,-2.3180002E-3,-16.0000000,
,,,-2.3160002E-3,-16.0000000,
,,,-2.3140002E-3,-16.0000000,
,,,-2.3120001E-3,-16.0000000,
,,,-2.3100001E-3,-16.0000000,
,,,-2.3080001E-3,-16.0000000,
,,,-2.3060001E-3,-16.0000000,
,,,-2.3040001E-3,-16.3999996,
,,,-2.3020001E-3,-16.0000000,
,,,-2.3000003E-3,-16.3999996,
,,,-2.2980003E-3,-16.3999996,
,,,-2.2960003E-3,-16.3999996,
,,,-2.2940002E-3,-16.3999996,
,,,-2.2920002E-3,-16.8000011,
,,,-2.2900002E-3,-16.3999996,
,,,-2.2880002E-3,-16.8000011,
,,,-2.2860002E-3,-16.8000011,
,,,-2.2840002E-3,-16.8000011,
,,,-2.2820001E-3,-16.8000011,
,,,-2.2800001E-3,-16.8000011,
,,,-2.2780001E-3,-16.8000011,
,,,-2.2760001E-3,-16.8000011,
,,,-2.2740001E-3,-16.8000011,
,,,-2.2720001E-3,-16.8000011,
,,,-2.2700003E-3,-16.8000011,
,,,-2.2680003E-3,-16.8000011,
,,,-2.2660003E-3,-16.8000011,
,,,-2.2640002E-3,-16.8000011,
,,,-2.2620002E-3,-16.8000011,
,,,-2.2600002E-3,-16.3999996,
,,,-2.2580002E-3,-16.3999996,
,,,-2.2560002E-3,-16.3999996,
,,,-2.2540002E-3,-16.3999996,
,,,-2.2520002E-3,-16.3999996,
,,,-2.2500001E-3,-16.3999996,
,,,-2.2480001E-3,-16.3999996,
,,,-2.2460001E-3,-16.0000000,
,,,-2.2440001E-3,-16.0000000,
,,,-2.2420001E-3,-16.3999996,
,,,-2.2400003E-3,-16.0000000,
,,,-2.2380003E-3,-16.0000000,
,,,-2.2360003E-3,-16.0000000,
,,,-2.2340002E-3,-16.0000000,
,,,-2.2320002E-3,-16.0000000,
,,,-2.2300002E-3,-16.0000000,
,,,-2.2280002E-3,-16.0000000,
,,,-2.2260002E-3,-16.0000000,
,,,-2.2240002E-3,-15.6000004,
,,,-2.2220002E-3,-15.6000004,
,,,-2.2200001E-3,-15.6000004,
,,,-2.2180001E-3,-15.6000004,
,,,-2.2160001E-3,-15.1999998,
,,,-2.2140001E-3,-15.1999998,
,,,-2.2120001E-3,-15.1999998,
,,,-2.2100001E-3,-15.1999998,
,,,-2.2080003E-3,-14.8000002,
,,,-2.2060003E-3,-15.1999998,
,,,-2.2040003E-3,-14.8000002,
,,,-2.2020002E-3,-14.8000002,
,,,-2.2000002E-3,-14.8000002,
,,,-2.1980002E-3,-14.4000006,
,,,-2.1960002E-3,-14.8000002,
,,,-2.1940002E-3,-14.4000006,
,,,-2.1920002E-3,-14.4000006,
,,,-2.1900001E-3,-14.4000006,
,,,-2.1880001E-3,-14.0000000,
,,,-2.1860001E-3,-14.0000000,
,,,-2.1840001E-3,-14.0000000,
,,,-2.1820001E-3,-13.6000004,
,,,-2.1800001E-3,-14.0000000,
,,,-2.1780003E-3,-13.6000004,
,,,-2.1760003E-3,-13.6000004,
,,,-2.1740003E-3,-13.1999998,
,,,-2.1720002E-3,-13.1999998,
,,,-2.1700002E-3,-13.1999998,
,,,-2.1680002E-3,-13.1999998,
,,,-2.1660002E-3,-12.8000002,
,,,-2.1640002E-3,-12.8000002,
,,,-2.1620002E-3,-12.4000006,
,,,-2.1600001E-3,-12.4000006,
,,,-2.1580001E-3,-12.8000002,
,,,-2.1560001E-3,-12.4000006,
,,,-2.1540001E-3,-12.4000006,
,,,-2.1520001E-3,-12.0000000,
,,,-2.1500001E-3,-12.0000000,
,,,-2.1480003E-3,-11.6000004,
,,,-2.1460003E-3,-11.6000004,
,,,-2.1440003E-3,-11.6000004,
,,,-2.1420002E-3,-11.6000004,
,,,-2.1400002E-3,-11.1999998,
,,,-2.1380002E-3,-11.1999998,
,,,-2.1360002E-3,-10.8000002,
,,,-2.1340002E-3,-10.8000002,
,,,-2.1320002E-3,-10.8000002,
,,,-2.1300002E-3,-10.4000006,
,,,-2.1280001E-3,-10.4000006,
,,,-2.1260001E-3,-10.0000000,
,,,-2.1240001E-3,-10.0000000,
,,,-2.1220001E-3,-10.0000000,
,,,-2.1200001E-3,-9.600000381,
,,,-2.1180001E-3,-9.600000381,
,,,-2.1160003E-3,-9.199999809,
,,,-2.1140003E-3,-9.199999809,
,,,-2.1120002E-3,-9.199999809,
,,,-2.1100002E-3,-8.800000191,
,,,-2.1080002E-3,-8.800000191,
,,,-2.1060002E-3,-8.400000572,
,,,-2.1040002E-3,-8.000000000,
,,,-2.1020002E-3,-8.000000000,
,,,-2.1000002E-3,-8.000000000,
,,,-2.0980001E-3,-7.599999905,
,,,-2.0960001E-3,-7.599999905,
,,,-2.0940001E-3,-7.20000029,
,,,-2.0920001E-3,-7.20000029,
,,,-2.0900001E-3,-7.20000029,
,,,-2.0880001E-3,-6.80000019,
,,,-2.0860003E-3,-6.40000010,
,,,-2.0840003E-3,-6.40000010,
,,,-2.0820003E-3,-6.00000000,
,,,-2.0800002E-3,-6.00000000,
,,,-2.0780002E-3,-5.59999990,
,,,-2.0760002E-3,-5.59999990,
,,,-2.0740002E-3,-5.59999990,
,,,-2.0720002E-3,-5.20000029,
,,,-2.0700002E-3,-4.80000019,
,,,-2.0680001E-3,-4.80000019,
,,,-2.0660001E-3,-4.40000010,
,,,-2.0640001E-3,-4.40000010,
,,,-2.0620001E-3,-4.40000010,
,,,-2.0600001E-3,-4.00000000,
,,,-2.0580001E-3,-3.60000014,
,,,-2.0560003E-3,-3.60000014,
,,,-2.0540003E-3,-3.20000005,
,,,-2.0520003E-3,-3.20000005,
,,,-2.0500002E-3,-2.79999995,
,,,-2.0480002E-3,-2.79999995,
,,,-2.0460002E-3,-2.79999995,
,,,-2.0440002E-3,-2.4000001,
,,,-2.0420002E-3,-2.0000000,
,,,-2.0400002E-3,-2.0000000,
,,,-2.0380002E-3,-1.6000000,
,,,-2.0360001E-3,-1.2000000,
,,,-2.0340001E-3,-1.2000000,
,,,-2.0320001E-3,-1.2000000,
,,,-2.0300001E-3,-800.000011921E-3,
,,,-2.0280001E-3,-400.00000596E-3,
,,,-2.0260003E-3,-400.00000596E-3,
,,,-2.0240003E-3,0.0,
,,,-2.0220003E-3,0.0,
,,,-2.0200002E-3,400.00000596E-3,
,,,-2.0180002E-3,400.00000596E-3,
,,,-2.0160002E-3,800.000011921E-3,
,,,-2.0140002E-3,800.000011921E-3,
,,,-2.0120002E-3,800.000011921E-3,
,,,-2.0100002E-3,1.2000000,
,,,-2.0080002E-3,1.6000000,
,,,-2.0060001E-3,1.6000000,
,,,-2.0040001E-3,2.0000000,
,,,-2.0020001E-3,2.0000000,
,,,-2.0000001E-3,2.4000001,
,,,-1.9980001E-3,2.79999995,
,,,-1.9960001E-3,2.79999995,
,,,-1.9940003E-3,2.79999995,
,,,-1.9920003E-3,3.20000005,
,,,-1.9900003E-3,3.60000014,
,,,-1.9880002E-3,3.60000014,
,,,-1.9860002E-3,4.00000000,
,,,-1.9840002E-3,4.00000000,
,,,-1.9820002E-3,4.40000010,
,,,-1.9800002E-3,4.40000010,
,,,-1.9780002E-3,4.40000010,
,,,-1.9760001E-3,4.80000019,
,,,-1.9740001E-3,4.80000019,
,,,-1.9720001E-3,5.20000029,
,,,-1.9700001E-3,5.59999990,
,,,-1.9680001E-3,5.59999990,
,,,-1.9660001E-3,6.00000000,
,,,-1.9640003E-3,6.00000000,
,,,-1.9620003E-3,6.40000010,
,,,-1.9600003E-3,6.40000010,
,,,-1.9580002E-3,6.40000010,
,,,-1.9560002E-3,6.80000019,
,,,-1.9540002E-3,7.20000029,
,,,-1.9520002E-3,7.20000029,
,,,-1.9500002E-3,7.599999905,
,,,-1.9480002E-3,7.599999905,
,,,-1.9460001E-3,7.599999905,
,,,-1.9440001E-3,8.000000000,
,,,-1.9420002E-3,8.000000000,
,,,-1.9400002E-3,8.000000000,
,,,-1.9380002E-3,8.800000191,
,,,-1.9360002E-3,8.800000191,
,,,-1.9340002E-3,8.800000191,
,,,-1.9320002E-3,8.800000191,
,,,-1.9300001E-3,8.800000191,
,,,-1.9280001E-3,9.199999809,
,,,-1.9260002E-3,9.600000381,
,,,-1.9240002E-3,9.199999809,
,,,-1.9220002E-3,10.0000000,
,,,-1.9200002E-3,10.0000000,
,,,-1.9180002E-3,10.0000000,
,,,-1.9160002E-3,10.4000006,
,,,-1.9140001E-3,10.4000006,
,,,-1.9120001E-3,10.8000002,
,,,-1.9100002E-3,10.8000002,
,,,-1.9080002E-3,11.1999998,
,,,-1.9060002E-3,11.1999998,
,,,-1.9040002E-3,11.1999998,
,,,-1.9020002E-3,11.1999998,
,,,-1.9000001E-3,11.6000004,
,,,-1.8980001E-3,11.6000004,
,,,-1.8960002E-3,12.0000000,
,,,-1.8940002E-3,12.0000000,
,,,-1.8920002E-3,12.4000006,
,,,-1.8900002E-3,12.4000006,
,,,-1.8880002E-3,12.8000002,
,,,-1.8860002E-3,12.8000002,
,,,-1.8840001E-3,12.8000002,
,,,-1.8820001E-3,13.1999998,
,,,-1.8800002E-3,12.8000002,
,,,-1.8780002E-3,13.1999998,
,,,-1.8760002E-3,13.1999998,
,,,-1.8740002E-3,13.6000004,
,,,-1.8720002E-3,13.6000004,
,,,-1.8700002E-3,13.1999998,
,,,-1.8680001E-3,14.0000000,
,,,-1.8660001E-3,13.6000004,
,,,-1.8640002E-3,14.0000000,
,,,-1.8620002E-3,14.0000000,
,,,-1.8600002E-3,14.4000006,
,,,-1.8580002E-3,14.4000006,
,,,-1.8560002E-3,14.4000006,
,,,-1.8540001E-3,14.4000006,
,,,-1.8520001E-3,14.8000002,
,,,-1.8500002E-3,14.8000002,
,,,-1.8480002E-3,14.8000002,
,,,-1.8460002E-3,14.8000002,
,,,-1.8440002E-3,15.1999998,
,,,-1.8420002E-3,15.1999998,
,,,-1.8400002E-3,15.1999998,
,,,-1.8380001E-3,15.1999998,
,,,-1.8360001E-3,15.1999998,
,,,-1.8340002E-3,15.1999998,
,,,-1.8320002E-3,15.1999998,
,,,-1.8300002E-3,15.6000004,
,,,-1.8280002E-3,15.6000004,
,,,-1.8260002E-3,15.6000004,
,,,-1.8240002E-3,16.0000000,
,,,-1.8220001E-3,15.6000004,
,,,-1.8200001E-3,15.6000004,
,,,-1.8180002E-3,16.0000000,
,,,-1.8160002E-3,16.0000000,
,,,-1.8140002E-3,16.0000000,
,,,-1.8120002E-3,16.3999996,
,,,-1.8100002E-3,16.3999996,
,,,-1.8080001E-3,16.3999996,
,,,-1.8060001E-3,16.3999996,
,,,-1.8040002E-3,16.3999996,
,,,-1.8020002E-3,16.3999996,
,,,-1.8000002E-3,16.8000011,
,,,-1.7980002E-3,16.3999996,
,,,-1.7960002E-3,16.3999996,
,,,-1.7940002E-3,16.8000011,
,,,-1.7920001E-3,16.3999996,
,,,-1.7900001E-3,16.8000011,
,,,-1.7880002E-3,16.8000011,
,,,-1.7860002E-3,16.8000011,
,,,-1.7840002E-3,16.8000011,
,,,-1.7820002E-3,16.8000011,
,,,-1.7800002E-3,16.8000011,
,,,-1.7780002E-3,17.2000008,
,,,-1.7760001E-3,17.2000008,
,,,-1.7740002E-3,17.2000008,
,,,-1.7720002E-3,17.2000008,
,,,-1.7700002E-3,17.2000008,
,,,-1.7680002E-3,16.8000011,
,,,-1.7660002E-3,16.8000011,
,,,-1.7640002E-3,16.8000011,
,,,-1.7620001E-3,16.8000011,
,,,-1.7600001E-3,16.8000011,
,,,-1.7580002E-3,16.8000011,
,,,-1.7560002E-3,16.8000011,
,,,-1.7540002E-3,16.8000011,
,,,-1.7520002E-3,16.8000011,
,,,-1.7500002E-3,16.8000011,
,,,-1.7480002E-3,16.3999996,
,,,-1.7460001E-3,16.3999996,
,,,-1.7440001E-3,16.8000011,
,,,-1.7420002E-3,16.3999996,
,,,-1.7400002E-3,16.3999996,
,,,-1.7380002E-3,16.0000000,
,,,-1.7360002E-3,16.0000000,
,,,-1.7340002E-3,16.3999996,
,,,-1.7320001E-3,16.0000000,
,,,-1.7300001E-3,16.0000000,
,,,-1.7280002E-3,16.0000000,
,,,-1.7260002E-3,16.0000000,
,,,-1.7240002E-3,16.0000000,
,,,-1.7220002E-3,15.6000004,
,,,-1.7200002E-3,15.6000004,
,,,-1.7180002E-3,15.6000004,
,,,-1.7160001E-3,15.1999998,
,,,-1.7140001E-3,15.1999998,
,,,-1.7120002E-3,15.1999998,
,,,-1.7100002E-3,15.1999998,
,,,-1.7080002E-3,15.1999998,
,,,-1.7060002E-3,15.6000004,
,,,-1.7040002E-3,15.1999998,
,,,-1.7020002E-3,14.8000002,
,,,-1.7000001E-3,14.8000002,
,,,-1.6980001E-3,14.8000002,
,,,-1.6960002E-3,14.8000002,
,,,-1.6940002E-3,14.8000002,
,,,-1.6920002E-3,14.4000006,
,,,-1.6900002E-3,14.4000006,
,,,-1.6880002E-3,14.4000006,
,,,-1.6860001E-3,14.0000000,
,,,-1.6840001E-3,14.0000000,
,,,-1.6820002E-3,14.0000000,
,,,-1.6800002E-3,14.0000000,
,,,-1.6780002E-3,14.0000000,
,,,-1.6760002E-3,13.6000004,
,,,-1.6740002E-3,13.6000004,
,,,-1.6720002E-3,13.6000004,
,,,-1.6700001E-3,13.6000004,
,,,-1.6680001E-3,13.1999998,
,,,-1.6660002E-3,13.1999998,
,,,-1.6640002E-3,12.8000002,
,,,-1.6620002E-3,12.8000002,
,,,-1.6600002E-3,12.8000002,
,,,-1.6580002E-3,12.4000006,
,,,-1.6560002E-3,12.4000006,
,,,-1.6540001E-3,12.4000006,
,,,-1.6520001E-3,12.0000000,
,,,-1.6500002E-3,11.6000004,
,,,-1.6480002E-3,12.0000000,
,,,-1.6460002E-3,11.6000004,
,,,-1.6440002E-3,11.6000004,
,,,-1.6420002E-3,11.1999998,
,,,-1.6400001E-3,11.1999998,
,,,-1.6380001E-3,10.8000002,
,,,-1.6360002E-3,10.8000002,
,,,-1.6340002E-3,10.8000002,
,,,-1.6320002E-3,10.4000006,
,,,-1.6300002E-3,10.8000002,
,,,-1.6280002E-3,10.0000000,
,,,-1.6260002E-3,10.0000000,
,,,-1.6240001E-3,10.0000000,
,,,-1.6220001E-3,9.600000381,
,,,-1.6200002E-3,9.600000381,
,,,-1.6180002E-3,9.600000381,
,,,-1.6160002E-3,9.199999809,
,,,-1.6140002E-3,9.199999809,
,,,-1.6120002E-3,8.800000191,
,,,-1.6100002E-3,8.800000191,
,,,-1.6080001E-3,8.400000572,
,,,-1.6060001E-3,8.000000000,
,,,-1.6040002E-3,8.000000000,
,,,-1.6020002E-3,8.000000000,
,,,-1.6000002E-3,7.599999905,
,,,-1.5980002E-3,7.599999905,
,,,-1.5960002E-3,7.599999905,
,,,-1.5940001E-3,7.20000029,
,,,-1.5920001E-3,7.20000029,
,,,-1.5900002E-3,6.80000019,
,,,-1.5880002E-3,6.80000019,
,,,-1.5860002E-3,6.40000010,
,,,-1.5840002E-3,6.40000010,
,,,-1.5820002E-3,6.00000000,
,,,-1.5800002E-3,6.00000000,
,,,-1.5780001E-3,5.59999990,
,,,-1.5760001E-3,5.59999990,
,,,-1.5740002E-3,5.20000029,
,,,-1.5720002E-3,5.20000029,
,,,-1.5700002E-3,5.20000029,
,,,-1.5680002E-3,4.80000019,
,,,-1.5660002E-3,4.40000010,
,,,-1.5640002E-3,4.40000010,
,,,-1.5620001E-3,4.00000000,
,,,-1.5600002E-3,4.00000000,
,,,-1.5580002E-3,3.60000014,
,,,-1.5560002E-3,3.60000014,
,,,-1.5540002E-3,3.20000005,
,,,-1.5520002E-3,3.20000005,
,,,-1.5500002E-3,2.79999995,
,,,-1.5480001E-3,2.79999995,
,,,-1.5460001E-3,2.4000001,
,,,-1.5440002E-3,2.0000000,
,,,-1.5420002E-3,2.0000000,
,,,-1.5400002E-3,1.6000000,
,,,-1.5380002E-3,1.6000000,
,,,-1.5360002E-3,1.2000000,
,,,-1.5340002E-3,800.000011921E-3,
,,,-1.5320001E-3,800.000011921E-3,
,,,-1.5300001E-3,800.000011921E-3,
,,,-1.5280002E-3,400.00000596E-3,
,,,-1.5260002E-3,400.00000596E-3,
,,,-1.5240002E-3,400.00000596E-3,
,,,-1.5220002E-3,0.0,
,,,-1.5200002E-3,-400.00000596E-3,
,,,-1.5180002E-3,-800.000011921E-3,
,,,-1.5160001E-3,-800.000011921E-3,
,,,-1.5140002E-3,-1.2000000,
,,,-1.5120002E-3,-1.2000000,
,,,-1.5100002E-3,-1.6000000,
,,,-1.5080002E-3,-1.6000000,
,,,-1.5060002E-3,-2.0000000,
,,,-1.5040002E-3,-2.4000001,
,,,-1.5020001E-3,-2.4000001,
,,,-1.5000001E-3,-2.4000001,
,,,-1.4980002E-3,-2.79999995,
,,,-1.4960002E-3,-3.20000005,
,,,-1.4940002E-3,-2.79999995,
,,,-1.4920002E-3,-3.60000014,
,,,-1.4900002E-3,-3.60000014,
,,,-1.4880002E-3,-3.60000014,
,,,-1.4860001E-3,-4.40000010,
,,,-1.4840001E-3,-4.00000000,
,,,-1.4820002E-3,-4.40000010,
,,,-1.4800002E-3,-4.40000010,
,,,-1.4780002E-3,-4.80000019,
,,,-1.4760002E-3,-4.80000019,
,,,-1.4740002E-3,-5.59999990,
,,,-1.4720001E-3,-5.59999990,
,,,-1.4700001E-3,-5.59999990,
,,,-1.4680002E-3,-5.59999990,
,,,-1.4660002E-3,-6.00000000,
,,,-1.4640002E-3,-6.40000010,
,,,-1.4620002E-3,-6.40000010,
,,,-1.4600002E-3,-6.40000010,
,,,-1.4580002E-3,-6.80000019,
,,,-1.4560001E-3,-7.20000029,
,,,-1.4540001E-3,-7.20000029,
,,,-1.4520002E-3,-7.20000029,
,,,-1.4500002E-3,-7.599999905,
,,,-1.4480002E-3,-7.599999905,
,,,-1.4460002E-3,-8.000000000,
,,,-1.4440002E-3,-8.000000000,
,,,-1.4420002E-3,-8.400000572,
,,,-1.4400001E-3,-8.800000191,
,,,-1.4380001E-3,-8.400000572,
,,,-1.4360002E-3,-8.800000191,
,,,-1.4340002E-3,-9.199999809,
,,,-1.4320002E-3,-9.199999809,
,,,-1.4300002E-3,-9.600000381,
,,,-1.4280002E-3,-9.600000381,
,,,-1.4260001E-3,-9.600000381,
,,,-1.4240001E-3,-10.0000000,
,,,-1.4220002E-3,-10.0000000,
,,,-1.4200002E-3,-10.4000006,
,,,-1.4180002E-3,-10.4000006,
,,,-1.4160002E-3,-10.4000006,
,,,-1.4140002E-3,-10.8000002,
,,,-1.4120002E-3,-10.8000002,
,,,-1.4100001E-3,-11.1999998,
,,,-1.4080001E-3,-10.8000002,
,,,-1.4060002E-3,-11.1999998,
,,,-1.4040002E-3,-11.6000004,
,,,-1.4020002E-3,-11.6000004,
,,,-1.4000002E-3,-12.0000000,
,,,-1.3980002E-3,-12.0000000,
,,,-1.3960002E-3,-12.4000006,
,,,-1.3940001E-3,-12.4000006,
,,,-1.3920001E-3,-12.4000006,
,,,-1.3900002E-3,-12.4000006,
,,,-1.3880002E-3,-12.8000002,
,,,-1.3860002E-3,-12.8000002,
,,,-1.3840002E-3,-12.8000002,
,,,-1.3820002E-3,-12.8000002,
,,,-1.3800001E-3,-13.1999998,
,,,-1.3780001E-3,-13.1999998,
,,,-1.3760002E-3,-13.6000004,
,,,-1.3740002E-3,-13.6000004,
,,,-1.3720002E-3,-13.6000004,
,,,-1.3700002E-3,-13.6000004,
,,,-1.3680002E-3,-13.6000004,
,,,-1.3660002E-3,-14.0000000,
,,,-1.3640001E-3,-14.0000000,
,,,-1.3620001E-3,-14.0000000,
,,,-1.3600002E-3,-14.4000006,
,,,-1.3580002E-3,-14.4000006,
,,,-1.3560002E-3,-14.4000006,
,,,-1.3540002E-3,-14.4000006,
,,,-1.3520002E-3,-14.8000002,
,,,-1.3500002E-3,-14.8000002,
,,,-1.3480001E-3,-14.8000002,
,,,-1.3460002E-3,-14.8000002,
,,,-1.3440002E-3,-14.8000002,
,,,-1.3420002E-3,-15.1999998,
,,,-1.3400002E-3,-15.1999998,
,,,-1.3380002E-3,-15.1999998,
,,,-1.3360002E-3,-15.1999998,
,,,-1.3340001E-3,-15.6000004,
,,,-1.3320001E-3,-15.1999998,
,,,-1.3300002E-3,-15.1999998,
,,,-1.3280002E-3,-15.6000004,
,,,-1.3260002E-3,-15.6000004,
,,,-1.3240002E-3,-15.6000004,
,,,-1.3220002E-3,-16.0000000,
,,,-1.3200002E-3,-15.6000004,
,,,-1.3180001E-3,-16.0000000,
,,,-1.3160001E-3,-16.0000000,
,,,-1.3140002E-3,-16.0000000,
,,,-1.3120002E-3,-16.0000000,
,,,-1.3100002E-3,-16.3999996,
,,,-1.3080002E-3,-16.0000000,
,,,-1.3060002E-3,-16.0000000,
,,,-1.3040002E-3,-16.0000000,
,,,-1.3020001E-3,-16.3999996,
,,,-1.3000002E-3,-16.3999996,
,,,-1.2980002E-3,-16.3999996,
,,,-1.2960002E-3,-16.3999996,
,,,-1.2940002E-3,-16.3999996,
,,,-1.2920002E-3,-16.8000011,
,,,-1.2900002E-3,-16.3999996,
,,,-1.2880001E-3,-16.8000011,
,,,-1.2860001E-3,-16.8000011,
,,,-1.2840002E-3,-16.8000011,
,,,-1.2820002E-3,-16.8000011,
,,,-1.2800002E-3,-16.8000011,
,,,-1.2780002E-3,-16.8000011,
,,,-1.2760002E-3,-16.8000011,
,,,-1.2740002E-3,-16.8000011,
,,,-1.2720001E-3,-16.8000011,
,,,-1.2700001E-3,-16.8000011,
,,,-1.2680002E-3,-16.8000011,
,,,-1.2660002E-3,-16.8000011,
,,,-1.2640002E-3,-16.8000011,
,,,-1.2620002E-3,-16.8000011,
,,,-1.2600002E-3,-16.8000011,
,,,-1.2580001E-3,-16.3999996,
,,,-1.2560001E-3,-16.3999996,
,,,-1.2540002E-3,-16.8000011,
,,,-1.2520002E-3,-16.3999996,
,,,-1.2500002E-3,-16.8000011,
,,,-1.2480002E-3,-16.3999996,
,,,-1.2460002E-3,-16.3999996,
,,,-1.2440002E-3,-16.3999996,
,,,-1.2420001E-3,-16.0000000,
,,,-1.2400001E-3,-16.0000000,
,,,-1.2380002E-3,-16.0000000,
,,,-1.2360002E-3,-16.0000000,
,,,-1.2340002E-3,-16.0000000,
,,,-1.2320002E-3,-16.0000000,
,,,-1.2300002E-3,-16.0000000,
,,,-1.2280002E-3,-16.0000000,
,,,-1.2260001E-3,-15.6000004,
,,,-1.2240001E-3,-16.0000000,
,,,-1.2220002E-3,-15.6000004,
,,,-1.2200002E-3,-15.6000004,
,,,-1.2180002E-3,-15.6000004,
,,,-1.2160002E-3,-15.6000004,
,,,-1.2140002E-3,-15.1999998,
,,,-1.2120001E-3,-15.1999998,
,,,-1.2100001E-3,-15.1999998,
,,,-1.2080002E-3,-15.1999998,
,,,-1.2060002E-3,-15.1999998,
,,,-1.2040002E-3,-15.1999998,
,,,-1.2020002E-3,-14.8000002,
,,,-1.2000002E-3,-14.8000002,
,,,-1.1980002E-3,-14.8000002,
,,,-1.1960001E-3,-14.8000002,
,,,-1.1940001E-3,-14.4000006,
,,,-1.1920002E-3,-14.4000006,
,,,-1.1900002E-3,-14.4000006,
,,,-1.1880002E-3,-14.0000000,
,,,-1.1860002E-3,-14.0000000,
,,,-1.1840002E-3,-14.0000000,
,,,-1.1820002E-3,-14.0000000,
,,,-1.1800001E-3,-14.0000000,
,,,-1.1780001E-3,-13.6000004,
,,,-1.1760002E-3,-13.6000004,
,,,-1.1740002E-3,-13.6000004,
,,,-1.1720002E-3,-13.1999998,
,,,-1.1700002E-3,-13.6000004,
,,,-1.1680002E-3,-13.1999998,
,,,-1.1660001E-3,-13.1999998,
,,,-1.1640001E-3,-12.8000002,
,,,-1.1620002E-3,-12.8000002,
,,,-1.1600002E-3,-12.8000002,
,,,-1.1580002E-3,-12.4000006,
,,,-1.1560002E-3,-12.4000006,
,,,-1.1540002E-3,-12.0000000,
,,,-1.1520002E-3,-12.0000000,
,,,-1.1500001E-3,-12.4000006,
,,,-1.1480001E-3,-12.0000000,
,,,-1.1460002E-3,-11.6000004,
,,,-1.1440002E-3,-11.6000004,
,,,-1.1420002E-3,-11.1999998,
,,,-1.1400002E-3,-11.1999998,
,,,-1.1380002E-3,-11.1999998,
,,,-1.1360002E-3,-10.8000002,
,,,-1.1340001E-3,-10.8000002,
,,,-1.1320002E-3,-10.8000002,
,,,-1.1300002E-3,-10.4000006,
,,,-1.1280002E-3,-10.4000006,
,,,-1.1260002E-3,-10.4000006,
,,,-1.1240002E-3,-10.0000000,
,,,-1.1220002E-3,-9.600000381,
,,,-1.1200001E-3,-9.600000381,
,,,-1.1180001E-3,-9.600000381,
,,,-1.1160002E-3,-9.199999809,
,,,-1.1140002E-3,-9.199999809,
,,,-1.1120002E-3,-9.199999809,
,,,-1.1100002E-3,-8.800000191,
,,,-1.1080002E-3,-8.400000572,
,,,-1.1060002E-3,-8.000000000,
,,,-1.1040001E-3,-8.000000000,
,,,-1.1020001E-3,-8.000000000,
,,,-1.1000002E-3,-7.599999905,
,,,-1.0980002E-3,-8.000000000,
,,,-1.0960002E-3,-7.599999905,
,,,-1.0940002E-3,-7.599999905,
,,,-1.0920002E-3,-6.80000019,
,,,-1.0900002E-3,-6.80000019,
,,,-1.0880001E-3,-6.80000019,
,,,-1.0860002E-3,-6.40000010,
,,,-1.0840002E-3,-6.40000010,
,,,-1.0820002E-3,-6.40000010,
,,,-1.0800002E-3,-6.00000000,
,,,-1.0780002E-3,-5.59999990,
,,,-1.0760002E-3,-5.59999990,
,,,-1.0740001E-3,-5.20000029,
,,,-1.0720001E-3,-5.20000029,
,,,-1.0700002E-3,-5.20000029,
,,,-1.0680002E-3,-4.80000019,
,,,-1.0660002E-3,-4.40000010,
,,,-1.0640002E-3,-4.40000010,
,,,-1.0620002E-3,-4.40000010,
,,,-1.0600002E-3,-4.00000000,
,,,-1.0580001E-3,-3.60000014,
,,,-1.0560001E-3,-3.60000014,
,,,-1.0540002E-3,-3.20000005,
,,,-1.0520002E-3,-3.20000005,
,,,-1.0500002E-3,-3.20000005,
,,,-1.0480002E-3,-2.79999995,
,,,-1.0460002E-3,-2.4000001,
,,,-1.0440001E-3,-2.4000001,
,,,-1.0420001E-3,-2.0000000,
,,,-1.0400002E-3,-2.0000000,
,,,-1.0380002E-3,-1.6000000,
,,,-1.0360002E-3,-1.6000000,
,,,-1.0340002E-3,-1.2000000,
,,,-1.0320002E-3,-800.000011921E-3,
,,,-1.0300002E-3,-400.00000596E-3,
,,,-1.0280001E-3,-400.00000596E-3,
,,,-1.0260001E-3,-400.00000596E-3,
,,,-1.0240002E-3,0.0,
,,,-1.0220002E-3,0.0,
,,,-1.0200002E-3,400.00000596E-3,
,,,-1.0180002E-3,400.00000596E-3,
,,,-1.0160002E-3,800.000011921E-3,
,,,-1.0140002E-3,800.000011921E-3,
,,,-1.0120001E-3,1.2000000,
,,,-1.0100001E-3,1.2000000,
,,,-1.0080002E-3,1.6000000,
,,,-1.0060002E-3,1.6000000,
,,,-1.0040002E-3,2.0000000,
,,,-1.0020002E-3,2.4000001,
,,,-1.0000002E-3,2.4000001,
,,,-998.000148684E-6,2.79999995,
,,,-996.000133455E-6,2.79999995,
,,,-994.000234641E-6,3.20000005,
,,,-992.000219412E-6,3.20000005,
,,,-990.000204183E-6,3.20000005,
,,,-988.000188954E-6,3.60000014,
,,,-986.000173725E-6,4.00000000,
,,,-984.000158496E-6,4.00000000,
,,,-982.000143267E-6,4.40000010,
,,,-980.000128038E-6,4.40000010,
,,,-978.000229225E-6,4.80000019,
,,,-976.000155788E-6,4.80000019,
,,,-974.000198767E-6,4.80000019,
,,,-972.000183538E-6,5.20000029,
,,,-970.000168309E-6,5.20000029,
,,,-968.000153080E-6,5.59999990,
,,,-966.000196058E-6,6.00000000,
,,,-964.000180829E-6,6.00000000,
,,,-962.000165600E-6,6.00000000,
,,,-960.000208579E-6,6.40000010,
,,,-958.000193350E-6,6.40000010,
,,,-956.000178121E-6,6.80000019,
,,,-954.000162892E-6,7.20000029,
,,,-952.000205871E-6,7.20000029,
,,,-950.000190642E-6,7.20000029,
,,,-948.000175413E-6,7.599999905,
,,,-946.000160184E-6,8.000000000,
,,,-944.000203162E-6,8.000000000,
,,,-942.000187933E-6,8.000000000,
,,,-940.000172704E-6,8.000000000,
,,,-938.000157475E-6,8.400000572,
,,,-936.000200454E-6,8.400000572,
,,,-934.000185225E-6,8.800000191,
,,,-932.000169996E-6,8.800000191,
,,,-930.000154767E-6,9.199999809,
,,,-928.000197746E-6,9.199999809,
,,,-926.000182517E-6,9.600000381,
,,,-924.000167288E-6,9.600000381,
,,,-922.000152059E-6,10.0000000,
,,,-920.000195038E-6,10.0000000,
,,,-918.000179809E-6,10.4000006,
,,,-916.000164580E-6,10.4000006,
,,,-914.000207558E-6,10.4000006,
,,,-912.000192329E-6,10.8000002,
,,,-910.000177100E-6,10.8000002,
,,,-908.000161871E-6,11.1999998,
,,,-906.000204850E-6,11.1999998,
,,,-904.000189621E-6,11.1999998,
,,,-902.000174392E-6,11.6000004,
,,,-900.000159163E-6,11.6000004,
,,,-898.000202142E-6,11.6000004,
,,,-896.000186913E-6,12.0000000,
,,,-894.000171684E-6,11.6000004,
,,,-892.000156455E-6,12.4000006,
,,,-890.000199433E-6,12.4000006,
,,,-888.000184204E-6,12.4000006,
,,,-886.000168975E-6,12.4000006,
,,,-884.000153746E-6,12.8000002,
,,,-882.000196725E-6,12.8000002,
,,,-880.000181496E-6,12.8000002,
,,,-878.000166267E-6,13.1999998,
,,,-876.000209246E-6,13.1999998,
,,,-874.000194017E-6,13.1999998,
,,,-872.000178788E-6,13.6000004,
,,,-870.000163559E-6,13.6000004,
,,,-868.000206538E-6,14.0000000,
,,,-866.000191309E-6,14.0000000,
,,,-864.000176080E-6,14.0000000,
,,,-862.000160851E-6,14.0000000,
,,,-860.000203829E-6,14.0000000,
,,,-858.000188600E-6,14.4000006,
,,,-856.000173371E-6,14.4000006,
,,,-854.000158142E-6,14.4000006,
,,,-852.000201121E-6,14.8000002,
,,,-850.000185892E-6,14.4000006,
,,,-848.000170663E-6,14.8000002,
,,,-846.000155434E-6,14.8000002,
,,,-844.000198413E-6,14.8000002,
,,,-842.000183184E-6,15.1999998,
,,,-840.000167955E-6,15.1999998,
,,,-838.000152726E-6,15.1999998,
,,,-836.000195704E-6,15.1999998,
,,,-834.000180475E-6,15.1999998,
,,,-832.000165246E-6,15.1999998,
,,,-830.000208225E-6,15.6000004,
,,,-828.000192996E-6,15.6000004,
,,,-826.000177767E-6,15.6000004,
,,,-824.000162538E-6,15.6000004,
,,,-822.000205517E-6,15.6000004,
,,,-820.000190288E-6,16.0000000,
,,,-818.000175059E-6,16.0000000,
,,,-816.000159830E-6,16.0000000,
,,,-814.000202809E-6,16.0000000,
,,,-812.000187580E-6,16.0000000,
,,,-810.000172351E-6,16.0000000,
,,,-808.000157122E-6,16.0000000,
,,,-806.000200100E-6,16.3999996,
,,,-804.000184871E-6,16.3999996,
,,,-802.000169642E-6,16.8000011,
,,,-800.000154413E-6,16.3999996,
,,,-798.000197392E-6,16.3999996,
,,,-796.000182163E-6,16.3999996,
,,,-794.000166934E-6,16.8000011,
,,,-792.000209913E-6,16.8000011,
,,,-790.000194684E-6,16.8000011,
,,,-788.000179455E-6,16.8000011,
,,,-786.000164226E-6,16.8000011,
,,,-784.000207204E-6,16.8000011,
,,,-782.000191975E-6,16.8000011,
,,,-780.000176746E-6,16.8000011,
,,,-778.000161517E-6,16.8000011,
,,,-776.000204496E-6,16.8000011,
,,,-774.000189267E-6,16.8000011,
,,,-772.000174038E-6,17.2000008,
,,,-770.000158809E-6,17.2000008,
,,,-768.000201788E-6,17.2000008,
,,,-766.000186559E-6,16.8000011,
,,,-764.000171330E-6,16.8000011,
,,,-762.000156101E-6,16.8000011,
,,,-760.000199080E-6,16.8000011,
,,,-758.000183851E-6,16.8000011,
,,,-756.000168622E-6,16.8000011,
,,,-754.000153393E-6,16.8000011,
,,,-752.000196371E-6,16.8000011,
,,,-750.000181142E-6,16.8000011,
,,,-748.000165913E-6,16.3999996,
,,,-746.000208892E-6,16.3999996,
,,,-744.000193663E-6,16.3999996,
,,,-742.000178434E-6,16.3999996,
,,,-740.000163205E-6,16.0000000,
,,,-738.000206184E-6,16.3999996,
,,,-736.000190955E-6,16.0000000,
,,,-734.000175726E-6,16.0000000,
,,,-732.000160497E-6,16.0000000,
,,,-730.000203475E-6,16.0000000,
,,,-728.000188246E-6,16.0000000,
,,,-726.000173017E-6,16.0000000,
,,,-724.000157788E-6,16.0000000,
,,,-722.000200767E-6,15.6000004,
,,,-720.000185538E-6,15.6000004,
,,,-718.000170309E-6,16.0000000,
,,,-716.000155080E-6,15.6000004,
,,,-714.000198059E-6,16.0000000,
,,,-712.000182830E-6,15.1999998,
,,,-710.000167601E-6,15.6000004,
,,,-708.000152372E-6,15.1999998,
,,,-706.000195350E-6,15.1999998,
,,,-704.000180122E-6,14.8000002,
,,,-702.000164893E-6,15.1999998,
,,,-700.000207871E-6,14.8000002,
,,,-698.000192642E-6,14.8000002,
,,,-696.000177413E-6,14.8000002,
,,,-694.000162184E-6,14.4000006,
,,,-692.000205163E-6,14.4000006,
,,,-690.000189934E-6,14.4000006,
,,,-688.000174705E-6,14.4000006,
,,,-686.000159476E-6,14.4000006,
,,,-684.000202455E-6,14.4000006,
,,,-682.000187226E-6,14.0000000,
,,,-680.000171997E-6,14.0000000,
,,,-678.000156768E-6,13.6000004,
,,,-676.000199746E-6,13.6000004,
,,,-674.000184517E-6,13.6000004,
,,,-672.000169288E-6,13.6000004,
,,,-670.000154059E-6,13.6000004,
,,,-668.000197038E-6,13.1999998,
,,,-666.000181809E-6,13.1999998,
,,,-664.000166580E-6,12.8000002,
,,,-662.000209559E-6,12.8000002,
,,,-660.000194330E-6,12.8000002,
,,,-658.000179101E-6,12.4000006,
,,,-656.000163872E-6,12.4000006,
,,,-654.000206850E-6,12.4000006,
,,,-652.000191621E-6,12.0000000,
,,,-650.000176392E-6,11.6000004,
,,,-648.000161164E-6,11.6000004,
,,,-646.000204142E-6,11.6000004,
,,,-644.000188913E-6,11.6000004,
,,,-642.000173684E-6,11.1999998,
,,,-640.000158455E-6,11.1999998,
,,,-638.000201434E-6,11.1999998,
,,,-636.000186205E-6,10.8000002,
,,,-634.000170976E-6,10.8000002,
,,,-632.000155747E-6,10.4000006,
,,,-630.000198726E-6,10.4000006,
,,,-628.000183497E-6,10.0000000,
,,,-626.000168268E-6,10.0000000,
,,,-624.000153039E-6,9.600000381,
,,,-622.000196017E-6,9.600000381,
,,,-620.000180788E-6,9.600000381,
,,,-618.000165559E-6,9.199999809,
,,,-616.000208538E-6,8.800000191,
,,,-614.000193309E-6,8.800000191,
,,,-612.000178080E-6,8.800000191,
,,,-610.000162851E-6,8.800000191,
,,,-608.000205830E-6,8.400000572,
,,,-606.000190601E-6,8.400000572,
,,,-604.000175372E-6,8.000000000,
,,,-602.000160143E-6,8.000000000,
,,,-600.000203121E-6,8.000000000,
,,,-598.000187892E-6,7.599999905,
,,,-596.000172663E-6,7.599999905,
,,,-594.000157434E-6,7.20000029,
,,,-592.000200413E-6,7.20000029,
,,,-590.000185184E-6,6.80000019,
,,,-588.000169955E-6,6.40000010,
,,,-586.000154726E-6,6.40000010,
,,,-584.000197705E-6,6.40000010,
,,,-582.000182476E-6,6.00000000,
,,,-580.000167247E-6,6.00000000,
,,,-578.000210226E-6,6.00000000,
,,,-576.000194997E-6,5.59999990,
,,,-574.000179768E-6,5.20000029,
,,,-572.000164539E-6,5.20000029,
,,,-570.000207517E-6,4.80000019,
,,,-568.000192288E-6,4.40000010,
,,,-566.000177059E-6,4.40000010,
,,,-564.000161830E-6,4.40000010,
,,,-562.000204809E-6,4.40000010,
,,,-560.000189580E-6,3.60000014,
,,,-558.000174351E-6,3.60000014,
,,,-556.000159122E-6,3.20000005,
,,,-554.000202101E-6,3.20000005,
,,,-552.000186872E-6,2.79999995,
,,,-550.000171643E-6,2.79999995,
,,,-548.000156414E-6,2.79999995,
,,,-546.000199392E-6,2.4000001,
,,,-544.000184163E-6,2.4000001,
,,,-542.000168934E-6,2.0000000,
,,,-540.000153705E-6,1.6000000,
,,,-538.000196684E-6,1.6000000,
,,,-536.000181455E-6,1.2000000,
,,,-534.000166226E-6,1.2000000,
,,,-532.000209205E-6,800.000011921E-3,
,,,-530.000193976E-6,800.000011921E-3,
,,,-528.000178747E-6,400.00000596E-3,
,,,-526.000163518E-6,400.00000596E-3,
,,,-524.000206497E-6,400.00000596E-3,
,,,-522.000191268E-6,-400.00000596E-3,
,,,-520.000176039E-6,-400.00000596E-3,
,,,-518.000160810E-6,-800.000011921E-3,
,,,-516.000203788E-6,-800.000011921E-3,
,,,-514.000188559E-6,-800.000011921E-3,
,,,-512.000173330E-6,-1.2000000,
,,,-510.000158101E-6,-1.2000000,
,,,-508.000201080E-6,-1.6000000,
,,,-506.000185851E-6,-2.0000000,
,,,-504.000170622E-6,-2.0000000,
,,,-502.000155393E-6,-2.4000001,
,,,-500.000198372E-6,-2.4000001,
,,,-498.000183143E-6,-2.79999995,
,,,-496.000167914E-6,-2.79999995,
,,,-494.000210892E-6,-3.20000005,
,,,-492.000195663E-6,-3.60000014,
,,,-490.000180434E-6,-3.60000014,
,,,-488.000194309E-6,-4.00000000,
,,,-486.000179080E-6,-4.00000000,
,,,-484.000192955E-6,-4.00000000,
,,,-482.000177726E-6,-4.40000010,
,,,-480.000191601E-6,-4.40000010,
,,,-478.000176372E-6,-4.80000019,
,,,-476.000190247E-6,-4.80000019,
,,,-474.000175018E-6,-5.20000029,
,,,-472.000188893E-6,-5.59999990,
,,,-470.000173664E-6,-5.59999990,
,,,-468.000187539E-6,-5.59999990,
,,,-466.000172310E-6,-6.00000000,
,,,-464.000186184E-6,-6.40000010,
,,,-462.000170955E-6,-6.40000010,
,,,-460.000184830E-6,-6.40000010,
,,,-458.000169601E-6,-6.80000019,
,,,-456.000183476E-6,-6.80000019,
,,,-454.000168247E-6,-7.20000029,
,,,-452.000182122E-6,-7.20000029,
,,,-450.000195997E-6,-7.599999905,
,,,-448.000180768E-6,-8.000000000,
,,,-446.000194643E-6,-8.000000000,
,,,-444.000179414E-6,-8.400000572,
,,,-442.000193289E-6,-8.400000572,
,,,-440.000178060E-6,-8.400000572,
,,,-438.000191934E-6,-8.800000191,
,,,-436.000176705E-6,-8.800000191,
,,,-434.000190580E-6,-9.199999809,
,,,-432.000175351E-6,-9.199999809,
,,,-430.000189226E-6,-9.199999809,
,,,-428.000173997E-6,-9.600000381,
,,,-426.000187872E-6,-10.0000000,
,,,-424.000172643E-6,-10.0000000,
,,,-422.000186518E-6,-10.0000000,
,,,-420.000171289E-6,-10.4000006,
,,,-418.000185164E-6,-10.4000006,
,,,-416.000169935E-6,-10.4000006,
,,,-414.000183810E-6,-10.8000002,
,,,-412.000168581E-6,-10.8000002,
,,,-410.000182455E-6,-10.8000002,
,,,-408.000196330E-6,-11.1999998,
,,,-406.000181101E-6,-11.1999998,
,,,-404.000194976E-6,-11.6000004,
,,,-402.00017975E-6,-11.6000004,
,,,-400.00019362E-6,-11.6000004,
,,,-398.00017839E-6,-11.6000004,
,,,-396.00019227E-6,-12.0000000,
,,,-394.00017704E-6,-12.0000000,
,,,-392.00019091E-6,-12.4000006,
,,,-390.00017568E-6,-12.4000006,
,,,-388.00018956E-6,-12.8000002,
,,,-386.00017433E-6,-12.8000002,
,,,-384.00018821E-6,-12.8000002,
,,,-382.00017298E-6,-13.1999998,
,,,-380.00018685E-6,-13.1999998,
,,,-378.00017162E-6,-13.1999998,
,,,-376.00018550E-6,-13.6000004,
,,,-374.00017027E-6,-13.1999998,
,,,-372.00018414E-6,-13.6000004,
,,,-370.00016891E-6,-13.6000004,
,,,-368.00018279E-6,-13.6000004,
,,,-366.00019666E-6,-14.0000000,
,,,-364.00018143E-6,-14.0000000,
,,,-362.00019531E-6,-14.0000000,
,,,-360.00018008E-6,-14.4000006,
,,,-358.00019396E-6,-14.4000006,
,,,-356.00017873E-6,-14.4000006,
,,,-354.00019260E-6,-14.4000006,
,,,-352.00017737E-6,-14.4000006,
,,,-350.00019125E-6,-14.8000002,
,,,-348.00017602E-6,-14.8000002,
,,,-346.00018989E-6,-14.8000002,
,,,-344.00017466E-6,-14.8000002,
,,,-342.00018854E-6,-15.1999998,
,,,-340.00017331E-6,-15.1999998,
,,,-338.00018718E-6,-15.6000004,
,,,-336.00017196E-6,-15.1999998,
,,,-334.00018583E-6,-15.1999998,
,,,-332.00017060E-6,-15.1999998,
,,,-330.00018448E-6,-15.1999998,
,,,-328.00016925E-6,-15.6000004,
,,,-326.00018312E-6,-15.6000004,
,,,-324.00019700E-6,-15.6000004,
,,,-322.00018177E-6,-15.6000004,
,,,-320.00019564E-6,-16.0000000,
,,,-318.00018041E-6,-16.0000000,
,,,-316.00019429E-6,-16.0000000,
,,,-314.00017906E-6,-16.0000000,
,,,-312.00019293E-6,-16.0000000,
,,,-310.00017771E-6,-16.0000000,
,,,-308.00019158E-6,-16.0000000,
,,,-306.00017635E-6,-16.0000000,
,,,-304.00019023E-6,-16.3999996,
,,,-302.00017500E-6,-16.3999996,
,,,-300.00018887E-6,-16.3999996,
,,,-298.00017364E-6,-16.3999996,
,,,-296.00018752E-6,-16.3999996,
,,,-294.00017229E-6,-16.3999996,
,,,-292.00018616E-6,-16.3999996,
,,,-290.00017093E-6,-16.8000011,
,,,-288.00018481E-6,-16.8000011,
,,,-286.00016958E-6,-16.8000011,
,,,-284.00018346E-6,-16.8000011,
,,,-282.00016823E-6,-16.8000011,
,,,-280.00018210E-6,-16.8000011,
,,,-278.00019598E-6,-16.8000011,
,,,-276.00018075E-6,-16.8000011,
,,,-274.00019462E-6,-17.2000008,
,,,-272.00017939E-6,-16.8000011,
,,,-270.00019327E-6,-16.8000011,
,,,-268.00017804E-6,-16.8000011,
,,,-266.00019191E-6,-16.8000011,
,,,-264.00017668E-6,-16.3999996,
,,,-262.00019056E-6,-16.3999996,
,,,-260.00017533E-6,-16.3999996,
,,,-258.00018921E-6,-16.8000011,
,,,-256.00017398E-6,-16.3999996,
,,,-254.00018785E-6,-16.3999996,
,,,-252.00017262E-6,-16.3999996,
,,,-250.00018650E-6,-16.8000011,
,,,-248.00017127E-6,-16.3999996,
,,,-246.00018514E-6,-16.3999996,
,,,-244.00018447E-6,-16.3999996,
,,,-242.00018379E-6,-16.3999996,
,,,-240.00018311E-6,-16.0000000,
,,,-238.00018243E-6,-16.3999996,
,,,-236.00018176E-6,-16.0000000,
,,,-234.00018108E-6,-16.0000000,
,,,-232.00018040E-6,-16.0000000,
,,,-230.00017973E-6,-16.0000000,
,,,-228.00017905E-6,-15.6000004,
,,,-226.00017837E-6,-16.0000000,
,,,-224.00017770E-6,-15.6000004,
,,,-222.00017702E-6,-15.6000004,
,,,-220.00017634E-6,-15.6000004,
,,,-218.00017566E-6,-15.6000004,
,,,-216.00018954E-6,-15.1999998,
,,,-214.00018886E-6,-15.1999998,
,,,-212.00018818E-6,-15.6000004,
,,,-210.00018751E-6,-15.1999998,
,,,-208.00018683E-6,-15.1999998,
,,,-206.00018615E-6,-15.1999998,
,,,-204.00018548E-6,-15.1999998,
,,,-202.00018480E-6,-14.8000002,
,,,-200.00018412E-6,-14.8000002,
,,,-198.00018345E-6,-14.8000002,
,,,-196.00018277E-6,-14.4000006,
,,,-194.00018209E-6,-14.4000006,
,,,-192.00018141E-6,-14.4000006,
,,,-190.00018074E-6,-14.4000006,
,,,-188.00018006E-6,-14.4000006,
,,,-186.00017938E-6,-14.0000000,
,,,-184.00017871E-6,-14.0000000,
,,,-182.00017803E-6,-14.0000000,
,,,-180.00017735E-6,-14.0000000,
,,,-178.00017667E-6,-13.6000004,
,,,-176.00017600E-6,-13.6000004,
,,,-174.00018987E-6,-13.6000004,
,,,-172.00018920E-6,-13.6000004,
,,,-170.00018852E-6,-13.1999998,
,,,-168.00018784E-6,-13.1999998,
,,,-166.00018716E-6,-12.8000002,
,,,-164.00018649E-6,-12.8000002,
,,,-162.00018581E-6,-12.8000002,
,,,-160.00018513E-6,-12.8000002,
,,,-158.00018446E-6,-12.4000006,
,,,-156.00018378E-6,-12.4000006,
,,,-154.00018310E-6,-12.0000000,
,,,-152.00018242E-6,-12.0000000,
,,,-150.00018175E-6,-12.4000006,
,,,-148.0001811E-6,-11.6000004,
,,,-146.0001804E-6,-11.6000004,
,,,-144.0001797E-6,-11.1999998,
,,,-142.0001790E-6,-11.1999998,
,,,-140.0001784E-6,-11.1999998,
,,,-138.0001777E-6,-11.1999998,
,,,-136.0001770E-6,-10.8000002,
,,,-134.0001763E-6,-10.8000002,
,,,-132.0001902E-6,-10.8000002,
,,,-130.0001895E-6,-10.4000006,
,,,-128.0001889E-6,-10.4000006,
,,,-126.0001882E-6,-10.0000000,
,,,-124.0001875E-6,-10.0000000,
,,,-122.0001795E-6,-10.0000000,
,,,-120.0001861E-6,-9.600000381,
,,,-118.0001855E-6,-9.600000381,
,,,-116.0001848E-6,-9.199999809,
,,,-114.0001841E-6,-9.199999809,
,,,-112.0001834E-6,-9.199999809,
,,,-110.0001828E-6,-9.199999809,
,,,-108.0001821E-6,-8.800000191,
,,,-106.0001814E-6,-8.400000572,
,,,-104.0001807E-6,-8.400000572,
,,,-102.0001800E-6,-8.000000000,
,,,-100.0001794E-6,-8.000000000,
,,,-98.000185972E-6,-7.599999905,
,,,-96.000185295E-6,-7.599999905,
,,,-94.000184617E-6,-7.20000029,
,,,-92.000183940E-6,-6.80000019,
,,,-90.000183263E-6,-6.80000019,
,,,-88.000182586E-6,-6.80000019,
,,,-86.000181909E-6,-6.40000010,
,,,-84.000181232E-6,-6.40000010,
,,,-82.000180555E-6,-6.00000000,
,,,-80.000179878E-6,-6.00000000,
,,,-78.000186477E-6,-5.59999990,
,,,-76.000185800E-6,-5.59999990,
,,,-74.000185123E-6,-5.59999990,
,,,-72.000184446E-6,-5.20000029,
,,,-70.000183769E-6,-5.20000029,
,,,-68.000183091E-6,-4.80000019,
,,,-66.000182414E-6,-4.80000019,
,,,-64.000181737E-6,-4.40000010,
,,,-62.000181060E-6,-4.00000000,
,,,-60.000184021E-6,-4.00000000,
,,,-58.000183344E-6,-4.00000000,
,,,-56.000182667E-6,-3.60000014,
,,,-54.00018199E-6,-3.60000014,
,,,-52.00018495E-6,-2.79999995,
,,,-50.00018427E-6,-2.79999995,
,,,-48.00018360E-6,-2.79999995,
,,,-46.00018292E-6,-2.4000001,
,,,-44.00018224E-6,-2.4000001,
,,,-42.00018157E-6,-2.0000000,
,,,-40.00018453E-6,-2.0000000,
,,,-38.00018385E-6,-1.6000000,
,,,-36.00018317E-6,-1.2000000,
,,,-34.00018250E-6,-1.2000000,
,,,-32.00018182E-6,-800.000011921E-3,
,,,-30.00018296E-6,-800.000011921E-3,
,,,-28.00018410E-6,-800.000011921E-3,
,,,-26.00018342E-6,-400.00000596E-3,
,,,-24.00018275E-6,-400.00000596E-3,
,,,-22.00018389E-6,0.0,
,,,-20.0001832E-6,0.0,
,,,-18.0001825E-6,0.0,
,,,-16.0001837E-6,800.000011921E-3,
,,,-14.0001830E-6,800.000011921E-3,
,,,-12.0001832E-6,800.000011921E-3,
,,,-10.0001835E-6,1.2000000,
,,,-8.000182788E-6,1.2000000,
,,,-6.00018302E-6,1.6000000,
,,,-4.00018325E-6,2.0000000,
,,,-2.0001833E-6,2.4000001,
,,,-183.26318166E-12,2.4000001,
,,,1.9998167E-6,2.4000001,
,,,3.99981673E-6,2.79999995,
,,,5.99981649E-6,2.79999995,
,,,7.999817171E-6,2.79999995,
,,,9.999816939E-6,3.20000005,
,,,11.9998167E-6,3.60000014,
,,,13.9998165E-6,3.60000014,
,,,15.9998162E-6,4.40000010,
,,,17.9998169E-6,4.40000010,
,,,19.9998176E-6,4.80000019,
,,,21.99981645E-6,4.40000010,
,,,23.99981713E-6,4.80000019,
,,,25.99981599E-6,4.80000019,
,,,27.99981667E-6,5.20000029,
,,,29.99981734E-6,5.20000029,
,,,31.99981802E-6,5.59999990,
,,,33.99981506E-6,5.59999990,
,,,35.99981574E-6,6.00000000,
,,,37.99981641E-6,6.40000010,
,,,39.99981709E-6,6.40000010,
,,,41.99981777E-6,6.40000010,
,,,43.99981844E-6,6.80000019,
,,,45.99981548E-6,7.20000029,
,,,47.99981616E-6,7.20000029,
,,,49.99981684E-6,7.599999905,
,,,51.99981752E-6,7.599999905,
,,,53.99981819E-6,7.599999905,
,,,55.999815231E-6,8.000000000,
,,,57.999815908E-6,8.000000000,
,,,59.999816585E-6,8.400000572,
,,,61.999817262E-6,8.400000572,
,,,63.999817939E-6,8.400000572,
,,,65.999818617E-6,8.800000191,
,,,67.999819294E-6,8.800000191,
,,,69.999819971E-6,9.199999809,
,,,71.999813372E-6,9.600000381,
,,,73.999814049E-6,9.600000381,
,,,75.999814726E-6,9.600000381,
,,,77.999815403E-6,9.600000381,
,,,79.999816080E-6,10.0000000,
,,,81.999816757E-6,10.4000006,
,,,83.999817434E-6,10.4000006,
,,,85.999818111E-6,10.8000002,
,,,87.999818788E-6,10.8000002,
,,,89.999819465E-6,10.8000002,
,,,91.999812867E-6,10.8000002,
,,,93.999813544E-6,11.1999998,
,,,95.999814221E-6,11.1999998,
,,,97.999814898E-6,11.6000004,
,,,99.999815575E-6,11.6000004,
,,,101.9998163E-6,11.6000004,
,,,103.9998169E-6,12.0000000,
,,,105.9998176E-6,12.0000000,
,,,107.9998183E-6,12.0000000,
,,,109.9998190E-6,12.4000006,
,,,111.9998196E-6,12.4000006,
,,,113.9998130E-6,12.4000006,
,,,115.9998137E-6,12.8000002,
,,,117.9998144E-6,12.8000002,
,,,119.9998151E-6,12.8000002,
,,,121.9998157E-6,13.1999998,
,,,123.9998091E-6,13.1999998,
,,,125.9998098E-6,13.1999998,
,,,127.9998105E-6,13.1999998,
,,,129.9998112E-6,13.6000004,
,,,131.9998119E-6,13.6000004,
,,,133.9998125E-6,13.6000004,
,,,135.9998132E-6,14.0000000,
,,,137.9998139E-6,14.0000000,
,,,139.9998146E-6,14.4000006,
,,,141.9998152E-6,14.4000006,
,,,143.9998159E-6,14.4000006,
,,,145.9998166E-6,14.4000006,
,,,147.9998173E-6,14.4000006,
,,,149.99981795E-6,14.8000002,
,,,151.99981863E-6,14.8000002,
,,,153.99981930E-6,14.4000006,
,,,155.99981998E-6,14.8000002,
,,,157.99982066E-6,14.8000002,
,,,159.99982134E-6,15.1999998,
,,,161.99982201E-6,15.1999998,
,,,163.99982269E-6,15.1999998,
,,,165.99982337E-6,15.1999998,
,,,167.99980949E-6,15.1999998,
,,,169.99981017E-6,15.6000004,
,,,171.99981085E-6,15.6000004,
,,,173.99981152E-6,15.6000004,
,,,175.99981220E-6,15.6000004,
,,,177.99981288E-6,15.6000004,
,,,179.99981355E-6,16.0000000,
,,,181.99981423E-6,16.0000000,
,,,183.99981491E-6,16.0000000,
,,,185.99981559E-6,16.0000000,
,,,187.99981626E-6,16.0000000,
,,,189.99981694E-6,16.3999996,
,,,191.99981762E-6,16.3999996,
,,,193.99981829E-6,16.0000000,
,,,195.99981897E-6,16.3999996,
,,,197.99981965E-6,16.3999996,
,,,199.99982032E-6,16.3999996,
,,,201.99982100E-6,16.3999996,
,,,203.99982168E-6,16.8000011,
,,,205.99982236E-6,16.8000011,
,,,207.99982303E-6,16.8000011,
,,,209.99980916E-6,16.8000011,
,,,211.99980984E-6,16.8000011,
,,,213.99981051E-6,16.8000011,
,,,215.99981119E-6,17.2000008,
,,,217.99981187E-6,16.8000011,
,,,219.99981254E-6,16.8000011,
,,,221.99981322E-6,16.8000011,
,,,223.99981390E-6,17.2000008,
,,,225.99981457E-6,16.8000011,
,,,227.99981525E-6,16.8000011,
,,,229.99981593E-6,17.2000008,
,,,231.99981661E-6,17.2000008,
,,,233.99981728E-6,17.2000008,
,,,235.99981796E-6,16.8000011,
,,,237.99981864E-6,16.8000011,
,,,239.99981931E-6,16.8000011,
,,,241.99981999E-6,16.8000011,
,,,243.99982067E-6,16.3999996,
,,,245.99980679E-6,16.8000011,
,,,247.99982202E-6,16.3999996,
,,,249.99980815E-6,16.3999996,
,,,251.99982338E-6,16.3999996,
,,,253.99980950E-6,16.8000011,
,,,255.99982473E-6,16.3999996,
,,,257.99981086E-6,16.3999996,
,,,259.99982608E-6,16.3999996,
,,,261.99981221E-6,16.3999996,
,,,263.99982744E-6,16.3999996,
,,,265.99981356E-6,16.0000000,
,,,267.99982879E-6,16.0000000,
,,,269.99981492E-6,16.0000000,
,,,271.99983015E-6,16.0000000,
,,,273.99981627E-6,16.0000000,
,,,275.99980240E-6,16.0000000,
,,,277.99981763E-6,16.0000000,
,,,279.99980375E-6,15.6000004,
,,,281.99981898E-6,15.6000004,
,,,283.99980511E-6,15.6000004,
,,,285.99982033E-6,15.6000004,
,,,287.99980646E-6,15.1999998,
,,,289.99982169E-6,15.1999998,
,,,291.99980781E-6,15.1999998,
,,,293.99982304E-6,15.1999998,
,,,295.99980917E-6,15.1999998,
,,,297.99982440E-6,15.1999998,
,,,299.99981052E-6,14.8000002,
,,,301.99982575E-6,14.8000002,
,,,303.99981188E-6,14.8000002,
,,,305.99982711E-6,14.8000002,
,,,307.99981323E-6,14.8000002,
,,,309.99982846E-6,14.4000006,
,,,311.99981458E-6,14.4000006,
,,,313.99982981E-6,14.0000000,
,,,315.99981594E-6,14.0000000,
,,,317.99980206E-6,14.4000006,
,,,319.99981729E-6,14.0000000,
,,,321.99980342E-6,14.0000000,
,,,323.99981865E-6,14.0000000,
,,,325.99980477E-6,13.6000004,
,,,327.99982000E-6,13.6000004,
,,,329.99980613E-6,13.1999998,
,,,331.99982136E-6,13.1999998,
,,,333.99980748E-6,13.1999998,
,,,335.99982271E-6,12.8000002,
,,,337.99980883E-6,12.8000002,
,,,339.99982406E-6,12.4000006,
,,,341.99981019E-6,12.4000006,
,,,343.99982542E-6,12.4000006,
,,,345.99981154E-6,12.4000006,
,,,347.99982677E-6,12.0000000,
,,,349.99981290E-6,12.0000000,
,,,351.99982813E-6,12.0000000,
,,,353.99981425E-6,11.6000004,
,,,355.99982948E-6,11.6000004,
,,,357.99981561E-6,11.6000004,
,,,359.99980173E-6,11.1999998,
,,,361.99981696E-6,11.1999998,
,,,363.99980308E-6,11.1999998,
,,,365.99981831E-6,10.8000002,
,,,367.99980444E-6,10.8000002,
,,,369.99981967E-6,10.4000006,
,,,371.99980579E-6,10.4000006,
,,,373.99982102E-6,10.4000006,
,,,375.99980715E-6,10.0000000,
,,,377.99982238E-6,9.600000381,
,,,379.99980850E-6,9.600000381,
,,,381.99982373E-6,9.199999809,
,,,383.99980986E-6,9.199999809,
,,,385.99982508E-6,9.199999809,
,,,387.99981121E-6,8.800000191,
,,,389.99982644E-6,8.800000191,
,,,391.99981256E-6,8.400000572,
,,,393.99982779E-6,8.000000000,
,,,395.99981392E-6,8.000000000,
,,,397.99982915E-6,8.000000000,
,,,399.99981527E-6,7.599999905,
,,,401.99980140E-6,7.599999905,
,,,403.999816626E-6,7.20000029,
,,,405.999802751E-6,7.20000029,
,,,407.999817980E-6,7.20000029,
,,,409.999804106E-6,6.80000019,
,,,411.999819335E-6,6.40000010,
,,,413.999805460E-6,6.40000010,
,,,415.999820689E-6,6.40000010,
,,,417.999806814E-6,6.00000000,
,,,419.999822043E-6,6.00000000,
,,,421.999808168E-6,5.59999990,
,,,423.999823397E-6,5.59999990,
,,,425.999809522E-6,5.20000029,
,,,427.999824751E-6,5.20000029,
,,,429.999810876E-6,4.80000019,
,,,431.999826105E-6,4.80000019,
,,,433.999812230E-6,4.40000010,
,,,435.999827459E-6,4.40000010,
,,,437.999813585E-6,4.40000010,
,,,439.999828814E-6,4.00000000,
,,,441.999814939E-6,3.60000014,
,,,443.999830168E-6,3.60000014,
,,,445.999816293E-6,3.20000005,
,,,447.999802418E-6,3.20000005,
,,,449.999817647E-6,2.79999995,
,,,451.999803772E-6,2.79999995,
,,,453.999819001E-6,2.4000001,
,,,455.999805126E-6,2.4000001,
,,,457.999820355E-6,1.6000000,
,,,459.999806480E-6,1.6000000,
,,,461.999821709E-6,1.6000000,
,,,463.999807835E-6,1.2000000,
,,,465.999823064E-6,800.000011921E-3,
,,,467.999809189E-6,800.000011921E-3,
,,,469.999824418E-6,800.000011921E-3,
,,,471.999810543E-6,400.00000596E-3,
,,,473.999825772E-6,400.00000596E-3,
,,,475.999811897E-6,0.0,
,,,477.999827126E-6,0.0,
,,,479.999813251E-6,-400.00000596E-3,
,,,481.999828480E-6,-800.000011921E-3,
,,,483.999814605E-6,-800.000011921E-3,
,,,485.999829834E-6,-800.000011921E-3,
,,,487.999815959E-6,-1.2000000,
,,,489.999831188E-6,-1.6000000,
,,,491.999788210E-6,-1.6000000,
,,,493.999803439E-6,-2.0000000,
,,,495.999818668E-6,-2.0000000,
,,,497.999833897E-6,-2.4000001,
,,,499.999790918E-6,-2.79999995,
,,,501.999806147E-6,-2.4000001,
,,,503.999821376E-6,-3.20000005,
,,,505.999836605E-6,-3.20000005,
,,,507.999793626E-6,-3.60000014,
,,,509.999808855E-6,-3.60000014,
,,,511.999824084E-6,-3.60000014,
,,,513.999839313E-6,-4.00000000,
,,,515.999796335E-6,-4.40000010,
,,,517.999811564E-6,-4.40000010,
,,,519.999826793E-6,-4.80000019,
,,,521.999842022E-6,-4.80000019,
,,,523.999799043E-6,-4.80000019,
,,,525.999814272E-6,-5.59999990,
,,,527.999829501E-6,-5.20000029,
,,,529.999786522E-6,-5.59999990,
,,,531.999801751E-6,-5.59999990,
,,,533.999816980E-6,-6.00000000,
,,,535.999832209E-6,-6.00000000,
,,,537.999789231E-6,-6.40000010,
,,,539.999804460E-6,-6.40000010,
,,,541.999819688E-6,-6.40000010,
,,,543.999834917E-6,-7.20000029,
,,,545.999791939E-6,-7.20000029,
,,,547.999807168E-6,-7.20000029,
,,,549.999822397E-6,-8.000000000,
,,,551.999837626E-6,-8.000000000,
,,,553.999794647E-6,-8.000000000,
,,,555.999809876E-6,-8.000000000,
,,,557.999825105E-6,-8.000000000,
,,,559.999840334E-6,-8.400000572,
,,,561.999797355E-6,-8.800000191,
,,,563.999812584E-6,-8.800000191,
,,,565.999827813E-6,-8.800000191,
,,,567.999843042E-6,-9.199999809,
,,,569.999800064E-6,-9.199999809,
,,,571.999815293E-6,-9.600000381,
,,,573.999830522E-6,-9.600000381,
,,,575.999787543E-6,-9.600000381,
,,,577.999802772E-6,-10.0000000,
,,,579.999818001E-6,-10.0000000,
,,,581.999833230E-6,-10.4000006,
,,,583.999790251E-6,-10.4000006,
,,,585.999805480E-6,-10.8000002,
,,,587.999820709E-6,-10.8000002,
,,,589.999835938E-6,-11.1999998,
,,,591.999792960E-6,-11.1999998,
,,,593.999808189E-6,-11.1999998,
,,,595.999823418E-6,-11.6000004,
,,,597.999838647E-6,-11.6000004,
,,,599.999795668E-6,-11.6000004,
,,,601.999810897E-6,-12.0000000,
,,,603.999826126E-6,-12.0000000,
,,,605.999841355E-6,-12.4000006,
,,,607.999798376E-6,-12.4000006,
,,,609.999813605E-6,-12.4000006,
,,,611.999828834E-6,-12.4000006,
,,,613.999844063E-6,-12.8000002,
,,,615.999801084E-6,-12.8000002,
,,,617.999816313E-6,-13.1999998,
,,,619.999831542E-6,-12.8000002,
,,,621.999788564E-6,-13.1999998,
,,,623.999803793E-6,-13.1999998,
,,,625.999819022E-6,-13.1999998,
,,,627.999834251E-6,-13.6000004,
,,,629.999791272E-6,-13.6000004,
,,,631.999806501E-6,-13.6000004,
,,,633.999821730E-6,-13.6000004,
,,,635.999836959E-6,-14.0000000,
,,,637.999793980E-6,-14.0000000,
,,,639.999809209E-6,-14.4000006,
,,,641.999824438E-6,-14.4000006,
,,,643.999839667E-6,-14.4000006,
,,,645.999796689E-6,-14.4000006,
,,,647.999811918E-6,-14.8000002,
,,,649.999827147E-6,-14.4000006,
,,,651.999842376E-6,-14.8000002,
,,,653.999799397E-6,-14.8000002,
,,,655.999814626E-6,-14.8000002,
,,,657.999829855E-6,-14.8000002,
,,,659.999786876E-6,-15.1999998,
,,,661.999802105E-6,-15.1999998,
,,,663.999817334E-6,-15.1999998,
,,,665.999832563E-6,-15.1999998,
,,,667.999789584E-6,-15.6000004,
,,,669.999804813E-6,-15.1999998,
,,,671.999820042E-6,-15.6000004,
,,,673.999835271E-6,-15.6000004,
,,,675.999792293E-6,-15.6000004,
,,,677.999807522E-6,-15.6000004,
,,,679.999822751E-6,-15.6000004,
,,,681.999837980E-6,-15.6000004,
,,,683.999795001E-6,-16.0000000,
,,,685.999810230E-6,-16.0000000,
,,,687.999825459E-6,-16.0000000,
,,,689.999840688E-6,-16.0000000,
,,,691.999797709E-6,-16.0000000,
,,,693.999812938E-6,-16.0000000,
,,,695.999828167E-6,-16.3999996,
,,,697.999843396E-6,-16.3999996,
,,,699.999800418E-6,-16.3999996,
,,,701.999815647E-6,-16.3999996,
,,,703.999830876E-6,-16.3999996,
,,,705.999787897E-6,-16.3999996,
,,,707.999803126E-6,-16.3999996,
,,,709.999818355E-6,-16.3999996,
,,,711.999833584E-6,-16.3999996,
,,,713.999790605E-6,-16.8000011,
,,,715.999805834E-6,-16.8000011,
,,,717.999821063E-6,-16.8000011,
,,,719.999836292E-6,-16.8000011,
,,,721.999793313E-6,-16.8000011,
,,,723.999808542E-6,-17.2000008,
,,,725.999823771E-6,-17.2000008,
,,,727.999839000E-6,-16.8000011,
,,,729.999796022E-6,-16.8000011,
,,,731.999811251E-6,-16.3999996,
,,,733.999826480E-6,-16.8000011,
,,,735.999841709E-6,-16.8000011,
,,,737.999798730E-6,-16.3999996,
,,,739.999813959E-6,-16.8000011,
,,,741.999829188E-6,-16.3999996,
,,,743.999786209E-6,-16.8000011,
,,,745.999801438E-6,-16.3999996,
,,,747.999816667E-6,-16.3999996,
,,,749.999831896E-6,-16.3999996,
,,,751.999788918E-6,-16.3999996,
,,,753.999804147E-6,-16.3999996,
,,,755.999819376E-6,-16.3999996,
,,,757.999834605E-6,-16.0000000,
,,,759.999791626E-6,-16.0000000,
,,,761.999806855E-6,-16.0000000,
,,,763.999822084E-6,-16.0000000,
,,,765.999837313E-6,-16.0000000,
,,,767.999794334E-6,-16.0000000,
,,,769.999809563E-6,-16.0000000,
,,,771.999824792E-6,-15.6000004,
,,,773.999840021E-6,-16.0000000,
,,,775.999797042E-6,-15.6000004,
,,,777.999812271E-6,-15.6000004,
,,,779.999827500E-6,-15.6000004,
,,,781.999842729E-6,-15.1999998,
,,,783.999799751E-6,-15.1999998,
,,,785.999814980E-6,-15.1999998,
,,,787.999830209E-6,-15.1999998,
,,,789.999787230E-6,-15.1999998,
,,,791.999802459E-6,-15.1999998,
,,,793.999817688E-6,-15.1999998,
,,,795.999832917E-6,-14.8000002,
,,,797.999789938E-6,-14.8000002,
,,,799.999805167E-6,-14.8000002,
,,,801.999820396E-6,-14.8000002,
,,,803.999835625E-6,-14.4000006,
,,,805.999792647E-6,-14.4000006,
,,,807.999807876E-6,-14.4000006,
,,,809.999823105E-6,-14.4000006,
,,,811.999838334E-6,-14.4000006,
,,,813.999795355E-6,-14.0000000,
,,,815.999810584E-6,-14.0000000,
,,,817.999825813E-6,-14.0000000,
,,,819.999841042E-6,-13.6000004,
,,,821.999798063E-6,-13.6000004,
,,,823.999813292E-6,-13.6000004,
,,,825.999828521E-6,-13.6000004,
,,,827.999785542E-6,-13.6000004,
,,,829.999800771E-6,-13.1999998,
,,,831.999816000E-6,-13.1999998,
,,,833.999831229E-6,-12.8000002,
,,,835.999788251E-6,-12.8000002,
,,,837.999803480E-6,-12.8000002,
,,,839.999818709E-6,-12.8000002,
,,,841.999833938E-6,-12.8000002,
,,,843.999790959E-6,-12.4000006,
,,,845.999806188E-6,-12.4000006,
,,,847.999821417E-6,-12.0000000,
,,,849.999836646E-6,-12.0000000,
,,,851.999793667E-6,-11.6000004,
,,,853.999808896E-6,-11.6000004,
,,,855.999824125E-6,-11.6000004,
,,,857.999839354E-6,-11.6000004,
,,,859.999796376E-6,-11.1999998,
,,,861.999811605E-6,-11.1999998,
,,,863.999826834E-6,-10.8000002,
,,,865.999842063E-6,-10.8000002,
,,,867.999799084E-6,-10.8000002,
,,,869.999814313E-6,-10.4000006,
,,,871.999829542E-6,-10.4000006,
,,,873.999786563E-6,-10.0000000,
,,,875.999801792E-6,-10.0000000,
,,,877.999817021E-6,-9.600000381,
,,,879.999832250E-6,-9.600000381,
,,,881.999789272E-6,-9.600000381,
,,,883.999804500E-6,-9.199999809,
,,,885.999819729E-6,-9.199999809,
,,,887.999834958E-6,-9.199999809,
,,,889.999791980E-6,-8.800000191,
,,,891.999807209E-6,-8.800000191,
,,,893.999822438E-6,-8.400000572,
,,,895.999837667E-6,-8.000000000,
,,,897.999794688E-6,-8.000000000,
,,,899.999809917E-6,-8.000000000,
,,,901.999825146E-6,-8.000000000,
,,,903.999840375E-6,-7.599999905,
,,,905.999797396E-6,-7.20000029,
,,,907.999812625E-6,-7.20000029,
,,,909.999827854E-6,-7.20000029,
,,,911.999843083E-6,-6.40000010,
,,,913.999800105E-6,-6.40000010,
,,,915.999815334E-6,-6.40000010,
,,,917.999830563E-6,-6.40000010,
,,,919.999787584E-6,-6.00000000,
,,,921.999802813E-6,-6.00000000,
,,,923.999818042E-6,-5.59999990,
,,,925.999833271E-6,-5.20000029,
,,,927.999790292E-6,-5.20000029,
,,,929.999805521E-6,-5.20000029,
,,,931.999820750E-6,-4.80000019,
,,,933.999835979E-6,-4.40000010,
,,,935.999793001E-6,-4.40000010,
,,,937.999808230E-6,-4.40000010,
,,,939.999823458E-6,-3.60000014,
,,,941.999838687E-6,-3.60000014,
,,,943.999795709E-6,-3.60000014,
,,,945.999810938E-6,-3.60000014,
,,,947.999826167E-6,-3.20000005,
,,,949.999841396E-6,-2.79999995,
,,,951.999798417E-6,-2.79999995,
,,,953.999813646E-6,-2.4000001,
,,,955.999828875E-6,-2.0000000,
,,,957.999785896E-6,-2.0000000,
,,,959.999801125E-6,-2.0000000,
,,,961.999816354E-6,-1.6000000,
,,,963.999831583E-6,-2.0000000,
,,,965.999788605E-6,-1.6000000,
,,,967.999803834E-6,-1.2000000,
,,,969.999819063E-6,-800.000011921E-3,
,,,971.999834292E-6,-400.00000596E-3,
,,,973.999791313E-6,-400.00000596E-3,
,,,975.999806542E-6,-400.00000596E-3,
,,,977.999763563E-6,0.0,
,,,979.999778792E-6,400.00000596E-3,
,,,981.999794021E-6,800.000011921E-3,
,,,983.999809250E-6,800.000011921E-3,
,,,985.999824479E-6,800.000011921E-3,
,,,987.999839708E-6,1.2000000,
,,,989.999854937E-6,1.2000000,
,,,991.999870166E-6,1.6000000,
,,,993.999768980E-6,1.6000000,
,,,995.999784209E-6,2.0000000,
,,,997.999799438E-6,2.0000000,
,,,999.999814667E-6,2.4000001,
,,,1.0019998E-3,2.4000001,
,,,1.0039998E-3,2.4000001,
,,,1.0059999E-3,2.79999995,
,,,1.0079998E-3,3.20000005,
,,,1.0099998E-3,3.60000014,
,,,1.0119998E-3,3.60000014,
,,,1.0139998E-3,4.00000000,
,,,1.0159998E-3,4.00000000,
,,,1.0179998E-3,4.40000010,
,,,1.0199999E-3,4.40000010,
,,,1.0219999E-3,4.40000010,
,,,1.0239998E-3,4.80000019,
,,,1.0259998E-3,4.80000019,
,,,1.0279998E-3,5.20000029,
,,,1.0299998E-3,5.20000029,
,,,1.0319998E-3,5.59999990,
,,,1.0339998E-3,5.59999990,
,,,1.0359999E-3,6.00000000,
,,,1.0379999E-3,6.40000010,
,,,1.0399998E-3,6.40000010,
,,,1.0419998E-3,6.40000010,
,,,1.0439998E-3,6.80000019,
,,,1.0459998E-3,7.20000029,
,,,1.0479998E-3,7.20000029,
,,,1.0499998E-3,7.599999905,
,,,1.0519999E-3,7.599999905,
,,,1.0539998E-3,7.599999905,
,,,1.0559998E-3,7.599999905,
,,,1.0579998E-3,8.000000000,
,,,1.0599998E-3,8.000000000,
,,,1.0619998E-3,8.800000191,
,,,1.0639998E-3,8.400000572,
,,,1.0659999E-3,8.800000191,
,,,1.0679999E-3,9.199999809,
,,,1.0699998E-3,8.800000191,
,,,1.0719998E-3,9.600000381,
,,,1.0739998E-3,9.600000381,
,,,1.0759998E-3,9.600000381,
,,,1.0779998E-3,10.0000000,
,,,1.0799998E-3,10.0000000,
,,,1.0819999E-3,10.0000000,
,,,1.0839999E-3,10.4000006,
,,,1.0859998E-3,10.8000002,
,,,1.0879998E-3,10.8000002,
,,,1.0899998E-3,10.8000002,
,,,1.0919998E-3,10.8000002,
,,,1.0939998E-3,11.1999998,
,,,1.0959998E-3,11.1999998,
,,,1.0979999E-3,11.1999998,
,,,1.0999998E-3,11.6000004,
,,,1.1019998E-3,11.6000004,
,,,1.1039998E-3,12.0000000,
,,,1.1059998E-3,12.0000000,
,,,1.1079998E-3,12.4000006,
,,,1.1099998E-3,12.4000006,
,,,1.1119999E-3,12.4000006,
,,,1.1139999E-3,12.8000002,
,,,1.1159998E-3,12.4000006,
,,,1.1179998E-3,12.8000002,
,,,1.1199998E-3,13.1999998,
,,,1.1219998E-3,12.8000002,
,,,1.1239998E-3,13.1999998,
,,,1.1259998E-3,13.1999998,
,,,1.1279999E-3,13.6000004,
,,,1.1299998E-3,13.6000004,
,,,1.1319998E-3,14.0000000,
,,,1.1339998E-3,13.6000004,
,,,1.1359998E-3,14.0000000,
,,,1.1379998E-3,14.0000000,
,,,1.1399998E-3,14.0000000,
,,,1.1419998E-3,14.4000006,
,,,1.1439999E-3,14.4000006,
,,,1.1459998E-3,14.4000006,
,,,1.1479998E-3,14.4000006,
,,,1.1499998E-3,14.8000002,
,,,1.1519998E-3,14.8000002,
,,,1.1539998E-3,14.8000002,
,,,1.1559998E-3,14.8000002,
,,,1.1579999E-3,15.1999998,
,,,1.1599999E-3,15.1999998,
,,,1.1619998E-3,15.1999998,
,,,1.1639998E-3,15.1999998,
,,,1.1659998E-3,15.6000004,
,,,1.1679998E-3,15.1999998,
,,,1.1699998E-3,15.1999998,
,,,1.1719998E-3,15.6000004,
,,,1.1739999E-3,15.6000004,
,,,1.1759998E-3,15.6000004,
,,,1.1779998E-3,16.0000000,
,,,1.1799998E-3,16.0000000,
,,,1.1819998E-3,16.0000000,
,,,1.1839998E-3,16.0000000,
,,,1.1859998E-3,16.0000000,
,,,1.1879998E-3,16.0000000,
,,,1.1899999E-3,16.0000000,
,,,1.1919998E-3,16.3999996,
,,,1.1939998E-3,16.3999996,
,,,1.1959998E-3,16.8000011,
,,,1.1979998E-3,16.3999996,
,,,1.1999998E-3,16.3999996,
,,,1.2019998E-3,16.3999996,
,,,1.2039999E-3,16.8000011,
,,,1.2059999E-3,16.8000011,
,,,1.2079998E-3,16.8000011,
,,,1.2099998E-3,16.8000011,
,,,1.2119998E-3,16.8000011,
,,,1.2139998E-3,16.8000011,
,,,1.2159998E-3,16.8000011,
,,,1.2179998E-3,16.8000011,
,,,1.2199999E-3,16.8000011,
,,,1.2219998E-3,17.2000008,
,,,1.2239998E-3,16.8000011,
,,,1.2259998E-3,16.8000011,
,,,1.2279998E-3,17.2000008,
,,,1.2299998E-3,17.2000008,
,,,1.2319998E-3,17.2000008,
,,,1.2339999E-3,16.8000011,
,,,1.2359999E-3,16.8000011,
,,,1.2379998E-3,16.8000011,
,,,1.2399998E-3,16.8000011,
,,,1.2419998E-3,16.8000011,
,,,1.2439998E-3,16.8000011,
,,,1.2459998E-3,16.8000011,
,,,1.2479998E-3,16.8000011,
,,,1.2499999E-3,16.8000011,
,,,1.2519999E-3,16.8000011,
,,,1.2539998E-3,16.3999996,
,,,1.2559998E-3,16.3999996,
,,,1.2579998E-3,16.3999996,
,,,1.2599998E-3,16.3999996,
,,,1.2619998E-3,16.0000000,
,,,1.2639998E-3,16.3999996,
,,,1.2659999E-3,16.3999996,
,,,1.2679998E-3,16.3999996,
,,,1.2699998E-3,16.0000000,
,,,1.2719998E-3,16.0000000,
,,,1.2739998E-3,16.0000000,
,,,1.2759998E-3,16.0000000,
,,,1.2779998E-3,15.6000004,
,,,1.2799999E-3,15.6000004,
,,,1.2819999E-3,15.6000004,
,,,1.2839998E-3,15.6000004,
,,,1.2859998E-3,15.6000004,
,,,1.2879998E-3,15.1999998,
,,,1.2899998E-3,15.1999998,
,,,1.2919998E-3,15.1999998,
,,,1.2939998E-3,15.1999998,
,,,1.2959999E-3,15.1999998,
,,,1.2979998E-3,14.8000002,
,,,1.2999998E-3,14.8000002,
,,,1.3019998E-3,14.8000002,
,,,1.3039998E-3,14.8000002,
,,,1.3059998E-3,14.8000002,
,,,1.3079998E-3,14.4000006,
,,,1.3099998E-3,14.4000006,
,,,1.3119999E-3,14.4000006,
,,,1.3139998E-3,14.0000000,
,,,1.3159998E-3,14.4000006,
,,,1.3179998E-3,14.0000000,
,,,1.3199998E-3,13.6000004,
,,,1.3219998E-3,14.0000000,
,,,1.3239998E-3,13.6000004,
,,,1.3259999E-3,13.6000004,
,,,1.3279999E-3,13.6000004,
,,,1.3299998E-3,13.1999998,
,,,1.3319998E-3,13.1999998,
,,,1.3339998E-3,12.8000002,
,,,1.3359998E-3,12.8000002,
,,,1.3379998E-3,12.4000006,
,,,1.3399998E-3,12.8000002,
,,,1.3419999E-3,12.4000006,
,,,1.3439998E-3,12.4000006,
,,,1.3459998E-3,12.0000000,
,,,1.3479998E-3,12.0000000,
,,,1.3499998E-3,12.0000000,
,,,1.3519998E-3,11.6000004,
,,,1.3539998E-3,11.6000004,
,,,1.3559998E-3,11.6000004,
,,,1.3579999E-3,11.6000004,
,,,1.3599998E-3,11.1999998,
,,,1.3619998E-3,11.1999998,
,,,1.3639998E-3,11.1999998,
,,,1.3659998E-3,10.8000002,
,,,1.3679998E-3,10.8000002,
,,,1.3699998E-3,10.4000006,
,,,1.3719999E-3,10.4000006,
,,,1.3739999E-3,10.0000000,
,,,1.3759998E-3,10.0000000,
,,,1.3779998E-3,10.0000000,
,,,1.3799998E-3,9.600000381,
,,,1.3819998E-3,9.600000381,
,,,1.3839998E-3,9.600000381,
,,,1.3859998E-3,8.800000191,
,,,1.3879999E-3,8.800000191,
,,,1.3899998E-3,8.800000191,
,,,1.3919998E-3,8.800000191,
,,,1.3939998E-3,8.000000000,
,,,1.3959998E-3,8.000000000,
,,,1.3979998E-3,8.400000572,
,,,1.3999998E-3,7.599999905,
,,,1.4019998E-3,7.599999905,
,,,1.4039999E-3,7.599999905,
,,,1.4059998E-3,7.20000029,
,,,1.4079998E-3,7.20000029,
,,,1.4099998E-3,7.20000029,
,,,1.4119998E-3,6.40000010,
,,,1.4139998E-3,6.40000010,
,,,1.4159998E-3,6.40000010,
,,,1.4179999E-3,6.00000000,
,,,1.4199999E-3,6.00000000,
,,,1.4219998E-3,5.59999990,
,,,1.4239998E-3,5.59999990,
,,,1.4259998E-3,5.20000029,
,,,1.4279998E-3,5.20000029,
,,,1.4299998E-3,4.80000019,
,,,1.4319998E-3,4.80000019,
,,,1.4339999E-3,4.40000010,
,,,1.4359998E-3,4.40000010,
,,,1.4379998E-3,4.00000000,
,,,1.4399998E-3,3.60000014,
,,,1.4419998E-3,3.60000014,
,,,1.4439998E-3,3.60000014,
,,,1.4459998E-3,3.20000005,
,,,1.4479998E-3,2.79999995,
,,,1.4499999E-3,3.20000005,
,,,1.4519998E-3,2.4000001,
,,,1.4539998E-3,2.4000001,
,,,1.4559998E-3,2.0000000,
,,,1.4579998E-3,2.0000000,
,,,1.4599998E-3,1.6000000,
,,,1.4619998E-3,1.6000000,
,,,1.4639999E-3,1.2000000,
,,,1.4659999E-3,1.2000000,
,,,1.4679998E-3,800.000011921E-3,
,,,1.4699998E-3,800.000011921E-3,
,,,1.4719998E-3,800.000011921E-3,
,,,1.4739998E-3,400.00000596E-3,
,,,1.4759998E-3,0.0,
,,,1.4779998E-3,0.0,
,,,1.4799999E-3,-400.00000596E-3,
,,,1.4819998E-3,-400.00000596E-3,
,,,1.4839998E-3,-800.000011921E-3,
,,,1.4859998E-3,-1.2000000,
,,,1.4879998E-3,-1.2000000,
,,,1.4899998E-3,-1.2000000,
,,,1.4919998E-3,-2.0000000,
,,,1.4939999E-3,-2.0000000,
,,,1.4959999E-3,-2.0000000,
,,,1.4979998E-3,-2.4000001,
,,,1.4999998E-3,-2.4000001,
,,,1.5019998E-3,-2.4000001,
,,,1.5039998E-3,-3.20000005,
,,,1.5059998E-3,-3.20000005,
,,,1.5079998E-3,-3.20000005,
,,,1.5099999E-3,-3.60000014,
,,,1.5119998E-3,-3.60000014,
,,,1.5139998E-3,-4.00000000,
,,,1.5159998E-3,-4.00000000,
,,,1.5179998E-3,-4.40000010,
,,,1.5199998E-3,-4.40000010,
,,,1.5219998E-3,-4.80000019,
,,,1.5239998E-3,-5.20000029,
,,,1.5259999E-3,-5.59999990,
,,,1.5279998E-3,-5.59999990,
,,,1.5299998E-3,-5.59999990,
,,,1.5319998E-3,-5.59999990,
,,,1.5339998E-3,-6.00000000,
,,,1.5359998E-3,-6.00000000,
,,,1.5379998E-3,-6.40000010,
,,,1.5399999E-3,-6.40000010,
,,,1.5419999E-3,-6.80000019,
,,,1.5439998E-3,-7.20000029,
,,,1.5459998E-3,-7.20000029,
,,,1.5479998E-3,-7.599999905,
,,,1.5499998E-3,-7.599999905,
,,,1.5519998E-3,-7.599999905,
,,,1.5539998E-3,-8.000000000,
,,,1.5559999E-3,-8.000000000,
,,,1.5579998E-3,-8.400000572,
,,,1.5599998E-3,-8.400000572,
,,,1.5619998E-3,-8.400000572,
,,,1.5639998E-3,-8.800000191,
,,,1.5659998E-3,-9.199999809,
,,,1.5679998E-3,-9.199999809,
,,,1.5699998E-3,-9.600000381,
,,,1.5719999E-3,-9.600000381,
,,,1.5739998E-3,-10.0000000,
,,,1.5759998E-3,-10.0000000,
,,,1.5779998E-3,-10.0000000,
,,,1.5799998E-3,-10.0000000,
,,,1.5819998E-3,-10.4000006,
,,,1.5839998E-3,-10.4000006,
,,,1.5859999E-3,-10.8000002,
,,,1.5879999E-3,-10.8000002,
,,,1.5899998E-3,-10.8000002,
,,,1.5919998E-3,-11.1999998,
,,,1.5939998E-3,-11.6000004,
,,,1.5959998E-3,-11.6000004,
,,,1.5979998E-3,-11.6000004,
,,,1.5999998E-3,-12.0000000,
,,,1.6019999E-3,-12.0000000,
,,,1.6039998E-3,-12.0000000,
,,,1.6059998E-3,-12.0000000,
,,,1.6079998E-3,-12.4000006,
,,,1.6099998E-3,-12.4000006,
,,,1.6119998E-3,-12.4000006,
,,,1.6139998E-3,-12.4000006,
,,,1.6159998E-3,-12.8000002,
,,,1.6179999E-3,-12.8000002,
,,,1.6199998E-3,-12.8000002,
,,,1.6219998E-3,-13.1999998,
,,,1.6239998E-3,-13.1999998,
,,,1.6259998E-3,-13.1999998,
,,,1.6279998E-3,-13.6000004,
,,,1.6299998E-3,-13.6000004,
,,,1.6319999E-3,-13.6000004,
,,,1.6339999E-3,-14.0000000,
,,,1.6359998E-3,-14.0000000,
,,,1.6379998E-3,-14.0000000,
,,,1.6399998E-3,-14.0000000,
,,,1.6419998E-3,-14.4000006,
,,,1.6439998E-3,-14.4000006,
,,,1.6459998E-3,-14.4000006,
,,,1.6479999E-3,-14.4000006,
,,,1.6499998E-3,-14.8000002,
,,,1.6519998E-3,-14.8000002,
,,,1.6539998E-3,-14.8000002,
,,,1.6559998E-3,-14.8000002,
,,,1.6579998E-3,-14.8000002,
,,,1.6599998E-3,-15.1999998,
,,,1.6619998E-3,-15.1999998,
,,,1.6639999E-3,-15.1999998,
,,,1.6659998E-3,-15.1999998,
,,,1.6679998E-3,-15.6000004,
,,,1.6699998E-3,-15.6000004,
,,,1.6719998E-3,-15.6000004,
,,,1.6739998E-3,-15.6000004,
,,,1.6759998E-3,-15.6000004,
,,,1.6779999E-3,-16.0000000,
,,,1.6799999E-3,-15.6000004,
,,,1.6819998E-3,-16.0000000,
,,,1.6839998E-3,-16.0000000,
,,,1.6859998E-3,-16.0000000,
,,,1.6879998E-3,-16.0000000,
,,,1.6899998E-3,-16.0000000,
,,,1.6919998E-3,-16.0000000,
,,,1.6939999E-3,-16.0000000,
,,,1.6959998E-3,-16.0000000,
,,,1.6979998E-3,-16.3999996,
,,,1.6999998E-3,-16.3999996,
,,,1.7019998E-3,-16.3999996,
,,,1.7039998E-3,-16.3999996,
,,,1.7059998E-3,-16.3999996,
,,,1.7079999E-3,-16.3999996,
,,,1.7099999E-3,-16.3999996,
,,,1.7119998E-3,-16.8000011,
,,,1.7139998E-3,-16.8000011,
,,,1.7159998E-3,-16.8000011,
,,,1.7179998E-3,-16.8000011,
,,,1.7199998E-3,-16.8000011,
,,,1.7219998E-3,-16.8000011,
,,,1.7239999E-3,-16.8000011,
,,,1.7259998E-3,-16.8000011,
,,,1.7279998E-3,-17.2000008,
,,,1.7299998E-3,-16.8000011,
,,,1.7319998E-3,-16.8000011,
,,,1.7339998E-3,-16.8000011,
,,,1.7359998E-3,-16.8000011,
,,,1.7379998E-3,-16.8000011,
,,,1.7399999E-3,-16.8000011,
,,,1.7419998E-3,-16.3999996,
,,,1.7439998E-3,-16.8000011,
,,,1.7459998E-3,-16.8000011,
,,,1.7479998E-3,-16.3999996,
,,,1.7499998E-3,-16.3999996,
,,,1.7519998E-3,-16.3999996,
,,,1.7539999E-3,-16.3999996,
,,,1.7559999E-3,-16.3999996,
,,,1.7579998E-3,-16.0000000,
,,,1.7599998E-3,-16.0000000,
,,,1.7619998E-3,-16.0000000,
,,,1.7639998E-3,-16.0000000,
,,,1.7659998E-3,-16.0000000,
,,,1.7679998E-3,-16.0000000,
,,,1.7699999E-3,-16.0000000,
,,,1.7719998E-3,-16.0000000,
,,,1.7739998E-3,-16.0000000,
,,,1.7759998E-3,-16.0000000,
,,,1.7779998E-3,-16.0000000,
,,,1.7799998E-3,-15.6000004,
,,,1.7819998E-3,-16.0000000,
,,,1.7839998E-3,-15.6000004,
,,,1.7859999E-3,-15.1999998,
,,,1.7879998E-3,-15.1999998,
,,,1.7899998E-3,-15.1999998,
,,,1.7919998E-3,-14.8000002,
,,,1.7939998E-3,-15.1999998,
,,,1.7959998E-3,-15.1999998,
,,,1.7979998E-3,-14.8000002,
,,,1.7999999E-3,-14.8000002,
,,,1.8019999E-3,-14.8000002,
,,,1.8039998E-3,-14.8000002,
,,,1.8059998E-3,-14.4000006,
,,,1.8079998E-3,-14.4000006,
,,,1.8099998E-3,-14.4000006,
,,,1.8119998E-3,-14.0000000,
,,,1.8139998E-3,-14.0000000,
,,,1.8159999E-3,-14.0000000,
,,,1.8179998E-3,-14.0000000,
,,,1.8199998E-3,-14.0000000,
,,,1.8219998E-3,-13.6000004,
,,,1.8239998E-3,-13.6000004,
,,,1.8259998E-3,-13.6000004,
,,,1.8279998E-3,-13.1999998,
,,,1.8299998E-3,-13.1999998,
,,,1.8319999E-3,-13.1999998,
,,,1.8339998E-3,-12.8000002,
,,,1.8359998E-3,-12.8000002,
,,,1.8379998E-3,-12.8000002,
,,,1.8399998E-3,-12.8000002,
,,,1.8419998E-3,-12.4000006,
,,,1.8439998E-3,-12.4000006,
,,,1.8459999E-3,-12.4000006,
,,,1.8479999E-3,-12.0000000,
,,,1.8499998E-3,-12.0000000,
,,,1.8519998E-3,-11.6000004,
,,,1.8539998E-3,-11.6000004,
,,,1.8559998E-3,-11.6000004,
,,,1.8579998E-3,-11.6000004,
,,,1.8599998E-3,-11.1999998,
,,,1.8619999E-3,-11.1999998,
,,,1.8639998E-3,-10.8000002,
,,,1.8659998E-3,-10.8000002,
,,,1.8679998E-3,-10.4000006,
,,,1.8699998E-3,-10.4000006,
,,,1.8719998E-3,-10.4000006,
,,,1.8739998E-3,-10.0000000,
,,,1.8759998E-3,-10.0000000,
,,,1.8779999E-3,-10.0000000,
,,,1.8799998E-3,-9.600000381,
,,,1.8819998E-3,-9.600000381,
,,,1.8839998E-3,-9.199999809,
,,,1.8859998E-3,-9.199999809,
,,,1.8879998E-3,-9.199999809,
,,,1.8899998E-3,-8.800000191,
,,,1.8919999E-3,-8.800000191,
,,,1.8939999E-3,-8.400000572,
,,,1.8959998E-3,-8.000000000,
,,,1.8979998E-3,-8.000000000,
,,,1.8999998E-3,-8.000000000,
,,,1.9019998E-3,-7.599999905,
,,,1.9039998E-3,-7.20000029,
,,,1.9059998E-3,-7.20000029,
,,,1.9079999E-3,-7.20000029,
,,,1.9099998E-3,-6.80000019,
,,,1.9119998E-3,-6.80000019,
,,,1.9139998E-3,-6.40000010,
,,,1.9159998E-3,-6.40000010,
,,,1.9179998E-3,-6.00000000,
,,,1.9199998E-3,-6.00000000,
,,,1.9219999E-3,-5.59999990,
,,,1.9239999E-3,-5.59999990,
,,,1.9259998E-3,-5.59999990,
,,,1.9279998E-3,-5.59999990,
,,,1.9299998E-3,-4.80000019,
,,,1.9319998E-3,-4.80000019,
,,,1.9339998E-3,-4.80000019,
,,,1.9359998E-3,-4.40000010,
,,,1.9379999E-3,-4.40000010,
,,,1.9399998E-3,-4.00000000,
,,,1.9419998E-3,-4.00000000,
,,,1.9439998E-3,-3.60000014,
,,,1.9459998E-3,-3.60000014,
,,,1.9479998E-3,-3.20000005,
,,,1.9499998E-3,-2.79999995,
,,,1.9519998E-3,-2.79999995,
,,,1.9539997E-3,-2.79999995,
,,,1.9559998E-3,-2.4000001,
,,,1.9579998E-3,-2.0000000,
,,,1.9599998E-3,-2.0000000,
,,,1.9619998E-3,-2.0000000,
,,,1.9639998E-3,-1.6000000,
,,,1.9659998E-3,-1.2000000,
,,,1.9679999E-3,-1.2000000,
,,,1.9699999E-3,-800.000011921E-3,
,,,1.9719999E-3,-400.00000596E-3,
,,,1.9739999E-3,-400.00000596E-3,
,,,1.9759999E-3,0.0,
,,,1.9779999E-3,0.0,
,,,1.9799997E-3,400.00000596E-3,
,,,1.9819997E-3,400.00000596E-3,
,,,1.9839997E-3,800.000011921E-3,
,,,1.9859998E-3,800.000011921E-3,
,,,1.9879998E-3,800.000011921E-3,
,,,1.9899998E-3,1.2000000,
,,,1.9919998E-3,1.6000000,
,,,1.9939998E-3,1.6000000,
,,,1.9959998E-3,2.0000000,
,,,1.9979998E-3,2.0000000,
,,,1.9999999E-3,2.4000001,
,,,2.0019999E-3,2.4000001,
,,,2.0039999E-3,2.79999995,
,,,2.0059999E-3,3.20000005,
,,,2.0079999E-3,3.20000005,
,,,2.0099997E-3,3.20000005,
,,,2.0119997E-3,4.00000000,
,,,2.0139997E-3,4.00000000,
,,,2.0159998E-3,4.40000010,
,,,2.0179998E-3,4.00000000,
,,,2.0199998E-3,4.40000010,
,,,2.0219998E-3,4.40000010,
,,,2.0239998E-3,4.80000019,
,,,2.0259998E-3,4.80000019,
,,,2.0279998E-3,5.20000029,
,,,2.0299999E-3,5.20000029,
,,,2.0319999E-3,5.20000029,
,,,2.0339999E-3,5.59999990,
,,,2.0359999E-3,6.40000010,
,,,2.0379999E-3,6.40000010,
,,,2.0399997E-3,6.40000010,
,,,2.0419997E-3,6.80000019,
,,,2.0439997E-3,6.80000019,
,,,2.0459997E-3,7.20000029,
,,,2.0479998E-3,7.599999905,
,,,2.0499998E-3,7.20000029,
,,,2.0519998E-3,7.599999905,
,,,2.0539998E-3,7.599999905,
,,,2.0559998E-3,8.000000000,
,,,2.0579998E-3,8.000000000,
,,,2.0599999E-3,8.000000000,
,,,2.0619999E-3,8.400000572,
,,,2.0639999E-3,8.400000572,
,,,2.0659999E-3,8.800000191,
,,,2.0679999E-3,8.800000191,
,,,2.0699997E-3,8.800000191,
,,,2.0719997E-3,9.199999809,
,,,2.0739997E-3,9.600000381,
,,,2.0759997E-3,10.0000000,
,,,2.0779998E-3,9.600000381,
,,,2.0799998E-3,10.0000000,
,,,2.0819998E-3,10.4000006,
,,,2.0839998E-3,10.4000006,
,,,2.0859998E-3,10.4000006,
,,,2.0879998E-3,10.8000002,
,,,2.0899998E-3,10.8000002,
,,,2.0919999E-3,11.1999998,
,,,2.0939999E-3,11.1999998,
,,,2.0959999E-3,11.1999998,
,,,2.0979999E-3,11.6000004,
,,,2.0999999E-3,11.6000004,
,,,2.1019997E-3,11.6000004,
,,,2.1039997E-3,11.6000004,
,,,2.1059997E-3,12.0000000,
,,,2.1079998E-3,12.0000000,
,,,2.1099998E-3,12.0000000,
,,,2.1119998E-3,12.4000006,
,,,2.1139998E-3,12.4000006,
,,,2.1159998E-3,12.8000002,
,,,2.1179998E-3,12.8000002,
,,,2.1199998E-3,13.1999998,
,,,2.1219999E-3,13.1999998,
,,,2.1239999E-3,13.1999998,
,,,2.1259999E-3,13.1999998,
,,,2.1279999E-3,13.1999998,
,,,2.1299999E-3,13.6000004,
,,,2.1319997E-3,13.6000004,
,,,2.1339997E-3,13.6000004,
,,,2.1359997E-3,14.0000000,
,,,2.1379997E-3,14.0000000,
,,,2.1399998E-3,14.0000000,
,,,2.1419998E-3,14.4000006,
,,,2.1439998E-3,14.4000006,
,,,2.1459998E-3,14.4000006,
,,,2.1479998E-3,14.8000002,
,,,2.1499998E-3,14.8000002,
,,,2.1519999E-3,14.4000006,
,,,2.1539999E-3,14.8000002,
,,,2.1559999E-3,14.8000002,
,,,2.1579999E-3,15.1999998,
,,,2.1599999E-3,15.1999998,
,,,2.1619997E-3,15.1999998,
,,,2.1639997E-3,15.1999998,
,,,2.1659997E-3,15.1999998,
,,,2.1679997E-3,15.6000004,
,,,2.1699998E-3,15.6000004,
,,,2.1719998E-3,15.6000004,
,,,2.1739998E-3,15.6000004,
,,,2.1759998E-3,15.6000004,
,,,2.1779998E-3,15.6000004,
,,,2.1799998E-3,16.0000000,
,,,2.1819999E-3,16.0000000,
,,,2.1839999E-3,16.0000000,
,,,2.1859999E-3,16.0000000,
,,,2.1879999E-3,16.0000000,
,,,2.1899999E-3,16.3999996,
,,,2.1919999E-3,16.3999996,
,,,2.1939997E-3,16.0000000,
,,,2.1959997E-3,16.3999996,
,,,2.1979997E-3,16.3999996,
,,,2.1999998E-3,16.3999996,
,,,2.2019998E-3,16.3999996,
,,,2.2039998E-3,16.3999996,
,,,2.2059998E-3,16.8000011,
,,,2.2079998E-3,16.8000011,
,,,2.2099998E-3,16.8000011,
,,,2.2119998E-3,16.3999996,
,,,2.2139999E-3,16.8000011,
,,,2.2159999E-3,16.8000011,
,,,2.2179999E-3,16.8000011,
,,,2.2199999E-3,16.8000011,
,,,2.2219999E-3,17.2000008,
,,,2.2239997E-3,16.8000011,
,,,2.2259997E-3,17.2000008,
,,,2.2279997E-3,17.2000008,
,,,2.2299998E-3,16.8000011,
,,,2.2319998E-3,17.2000008,
,,,2.2339998E-3,17.2000008,
,,,2.2359998E-3,16.8000011,
,,,2.2379998E-3,17.2000008,
,,,2.2399998E-3,16.8000011,
,,,2.2419998E-3,16.8000011,
,,,2.2439999E-3,16.8000011,
,,,2.2459999E-3,16.8000011,
,,,2.2479999E-3,16.3999996,
,,,2.2499999E-3,16.8000011,
,,,2.2519999E-3,16.8000011,
,,,2.2539997E-3,16.3999996,
,,,2.2559997E-3,16.8000011,
,,,2.2579997E-3,16.3999996,
,,,2.2599997E-3,16.8000011,
,,,2.2619998E-3,16.3999996,
,,,2.2639998E-3,16.0000000,
,,,2.2659998E-3,16.0000000,
,,,2.2679998E-3,16.3999996,
,,,2.2699998E-3,16.0000000,
,,,2.2719998E-3,16.0000000,
,,,2.2739999E-3,16.0000000,
,,,2.2759999E-3,16.0000000,
,,,2.2779999E-3,16.0000000,
,,,2.2799999E-3,16.0000000,
,,,2.2819999E-3,15.6000004,
,,,2.2839997E-3,15.6000004,
,,,2.2859997E-3,15.6000004,
,,,2.2879997E-3,15.6000004,
,,,2.2899997E-3,15.1999998,
,,,2.2919998E-3,15.1999998,
,,,2.2939998E-3,15.1999998,
,,,2.2959998E-3,15.1999998,
,,,2.2979998E-3,14.8000002,
,,,2.2999998E-3,14.8000002,
,,,2.3019998E-3,14.8000002,
,,,2.3039998E-3,14.4000006,
,,,2.3059999E-3,14.4000006,
,,,2.3079999E-3,14.8000002,
,,,2.3099999E-3,14.4000006,
,,,2.3119999E-3,14.4000006,
,,,2.3139999E-3,14.4000006,
,,,2.3159997E-3,14.4000006,
,,,2.3179997E-3,14.0000000,
,,,2.3199997E-3,14.0000000,
,,,2.3219998E-3,14.0000000,
,,,2.3239998E-3,13.6000004,
,,,2.3259998E-3,13.6000004,
,,,2.3279998E-3,13.6000004,
,,,2.3299998E-3,13.1999998,
,,,2.3319998E-3,13.1999998,
,,,2.3339998E-3,13.1999998,
,,,2.3359999E-3,12.8000002,
,,,2.3379999E-3,12.8000002,
,,,2.3399999E-3,12.4000006,
,,,2.3419999E-3,12.4000006,
,,,2.3439999E-3,12.4000006,
,,,2.3459997E-3,12.0000000,
,,,2.3479997E-3,12.4000006,
,,,2.3499997E-3,12.0000000,
,,,2.3519997E-3,12.0000000,
,,,2.3539998E-3,11.6000004,
,,,2.3559998E-3,11.6000004,
,,,2.3579998E-3,11.6000004,
,,,2.3599998E-3,11.1999998,
,,,2.3619998E-3,11.1999998,
,,,2.3639998E-3,11.1999998,
,,,2.3659999E-3,10.8000002,
,,,2.3679999E-3,10.8000002,
,,,2.3699999E-3,10.4000006,
,,,2.3719999E-3,10.4000006,
,,,2.3739999E-3,10.0000000,
,,,2.3759997E-3,10.0000000,
,,,2.3779997E-3,9.600000381,
,,,2.3799997E-3,9.600000381,
,,,2.3819997E-3,9.600000381,
,,,2.3839998E-3,9.199999809,
,,,2.3859998E-3,9.199999809,
,,,2.3879998E-3,8.800000191,
,,,2.3899998E-3,8.800000191,
,,,2.3919998E-3,8.400000572,
,,,2.3939998E-3,8.400000572,
,,,2.3959999E-3,8.000000000,
,,,2.3979999E-3,8.000000000,
,,,2.3999999E-3,7.599999905,
,,,2.4019999E-3,7.599999905,
,,,2.4039999E-3,7.599999905,
,,,2.4059999E-3,7.20000029,
,,,2.4079997E-3,7.20000029,
,,,2.4099997E-3,6.80000019,
,,,2.4119997E-3,6.80000019,
,,,2.4139998E-3,6.40000010,
,,,2.4159998E-3,6.40000010,
,,,2.4179998E-3,6.00000000,
,,,2.4199998E-3,6.00000000,
,,,2.4219998E-3,5.59999990,
,,,2.4239998E-3,5.20000029,
,,,2.4259998E-3,5.20000029,
,,,2.4279999E-3,5.20000029,
,,,2.4299999E-3,4.80000019,
,,,2.4319999E-3,4.40000010,
,,,2.4339999E-3,4.40000010,
,,,2.4359999E-3,4.40000010,
,,,2.4379997E-3,4.00000000,
,,,2.4399997E-3,4.00000000,
,,,2.4419997E-3,4.00000000,
,,,2.4439998E-3,3.60000014,
,,,2.4459998E-3,3.20000005,
,,,2.4479998E-3,3.20000005,
,,,2.4499998E-3,2.79999995,
,,,2.4519998E-3,2.79999995,
,,,2.4539998E-3,2.4000001,
,,,2.4559998E-3,2.0000000,
,,,2.4579999E-3,2.0000000,
,,,2.4599999E-3,2.0000000,
,,,2.4619999E-3,1.6000000,
,,,2.4639999E-3,1.2000000,
,,,2.4659999E-3,1.2000000,
,,,2.4679997E-3,800.000011921E-3,
,,,2.4699997E-3,800.000011921E-3,
,,,2.4719997E-3,400.00000596E-3,
,,,2.4739997E-3,400.00000596E-3,
,,,2.4759998E-3,0.0,
,,,2.4779998E-3,0.0,
,,,2.4799998E-3,-400.00000596E-3,
,,,2.4819998E-3,-400.00000596E-3,
,,,2.4839998E-3,-800.000011921E-3,
,,,2.4859998E-3,-800.000011921E-3,
,,,2.4879999E-3,-1.2000000,
,,,2.4899999E-3,-1.6000000,
,,,2.4919999E-3,-1.6000000,
,,,2.4939999E-3,-2.0000000,
,,,2.4959999E-3,-2.4000001,
,,,2.4979997E-3,-2.4000001,
